,SENTENCE,RELEVANT
1064, '如果考虑到NikeReact泡沫首次用于耐克的篮球鞋，这并不令人感到意外',0
3047, '如今的AJ已经成为了所有男生崇尚的运动鞋奢侈品，价格也炒的越来越高，一双好点的AJ鞋还真不是一般人能穿的起的',1
1509," 'AJ1 Zoom ""Rage Green""Nike SB Dunk High ""Brut""Undefeated x Dunk HighAJ1 ""Undefeated Dunk""如果有谁知道 AJ1 和这两双 Dunk 之间的故事，麻烦告诉一下狗叔'",1
83," '文 末 福 利扫码加群 满500人 抽送AJ1 HIGH OG 日本限定一双喜欢点点""在看""'",1
2499, '只是 OW x AJ5 的谍照还尚未曝光，只是通过 INS 上与之来的概念图，这双鞋发售还早着，官图只怕都得在 2020 年亮相了，今年 OW x Nike 系列已经够多了，就连 OW x SB DUNK 都被移到了年末，这双就更没戏了',1
583, '随着6大升级的完成，Nike KD 13一时间已经几乎完美无瑕',1
2239, '经纪人 David Falk 表示，Nike当初预计乔 Air Jordan 系列 4年能卖出 300 万美元的产值，不过新秀赛季球鞋销量就达 1.26 亿美元，开创了品牌史上的新纪元',1
996, '他谈到AdaptBB以及之前发布的AJ33都在鞋带系统上大做文章，这是为了契合耐克造出贴合每一个人脚型球鞋的理念，而这个理念也会用在科比的第14双个人签名鞋上',1
3970,整个套装由3个小系列套装组成，分别为Flight,1
219,'时隔十年 Nike LeBron 7「All-Star」复刻回归，整体似阿凡达般的配色让人印象深刻',1
3629, '1、 耐克发布AJ1 MID只是切韭菜',1
1639, 'NBA准状元一脚下去耐克13亿美元没了在体育氛围格外浓厚的美国大学校园中，耐克的品牌知名度几乎完全建立在为运动员设计出一流的球鞋和队服上',0
1530, '如果你不喜欢这次的AF1蓝丝绸联名，那CLOT这次还为大家准备了其他设计，昨天海外再次公布了一款CLOTXNIKE系列的联名局部图片，被确认为是一双AJ1MID联名',1
2453," '\u3000\u3000最近，耐克复刻回归了一双曾经的魔术名宿安芬尼·哈达威的Nike Air Penny 3 ""Eggplant""，应该说在Nike Lebron系列，Nike Air Penny 3所代表的Nike Air Penny系列，的确堪被尊为最强'",1
1375," 'Nike KYRIE 7""Expressions""▼灵感来自于欧文对于艺术的喜爱，粉色鞋底配以蓝色紫色细节点缀，视觉效果吸睛'",1
592, '这样的配色效果，恐怕发售之后入手难度不低',0
3048, '尽管价格看起来不太亲民，但AJ鞋的销量却总是领跑其他品牌，这就是差距',1
1575, '分析师：“爆鞋”事故不会给耐克带来很大影响虽然“爆鞋”事件让耐克股价大跌，不过，截至上周五收盘，耐克股价又上涨0.96%，收复了“失地”',0
1393, 'iid=0&app=news_article免责声明：慧科和该网页的作者无关，不对其内容负责',0
1761," 'Nike Adapt BB 2.0是耐克自主研发的最新1代高科技球鞋，由乔丹签名鞋的御用设计师汀克·哈特菲尔德以及科比签名鞋的御用设计师联手牵头设计，其上搭载的FitAdapt自动系带系统一度让""篮球之神""迈克尔·乔丹为之惊叹'",1
683, '生活当中的周雨彤对于穿搭是很有自己的风格的，她的这身穿搭看起来就十分的吸睛了，身穿了一套灰色的西装，这套西装的款式是比较干练的，内搭了镂空的打底上衣后，看起来简直是太A了吧',0
2513," 'OFF-WHITExAirJordan1""PowderBlue""发售日期：5月26日发售价格：$190美元OFF-WHITExNikeBlazerMid""PaleVanilla""""Black""货号：AA3832-700AA3832-001发售日期：2018年7月发售价格：$130美元OFF-WHITExNikeAirPreto发售日期：2018年夏季（待定）发售价格：$160美元OFF-WHITExNikeBlazerMid""Grey""发售日期：2018年9月发售价格：$130美元OFF-WHITExAirMax90""Black""""Grey""发售日期：9月售价：$160OFF-WHITExNikeAirForce1Low货号：AO4606-001发售日期：2018年10月发售日期：$170美元OFF-WHITExNikeZoomFly""Black""货号：AJ4588-001发售日期：2018年10月发售日期：$170美元OFF-WHITExNikeZoomFly""Pink""发售日期：2018年底发售日期：$170美元OFF-WHITExNikeAirMax97OG货号：AJ4585-101发售日期：2018年11月发售价格:$190美元Off-WhitexNikeAirMax97""Black""""White""货号:AJ4585-001AJ4585-001发售日期：2018年11月发售价格:$190美元原网页已经由ZAKER转码以便在移动设备上查看'",1
2199, '此番 PlayStation x Nike PG 2.5 采用与 PlayStation x Nike PG 2 不一样的设计思路，鞋面以纯白为主体，外观更加简约',1
2632," 'Nike KD13 EP ""Home Team""2020-5-17XH55限量发售（进店请戴口罩，注意卫生'",1
841, '难道是只买了球鞋没买衣着装备',0
315, '4Medicom Toy x Nike SB Dunk Low日本玩具公司「Medicom Toy」与Nike携手打造的联名鞋款今日曝光',0
57, '而且既然是有突袭发售这玩意存在，而且对于《海绵宝宝》这部老少咸宜的动画片来说，也就是说这次的系列可以适合全年龄，所以 Nike 当然不能放过这圈钱的机会，在那时候 Nike 将会推出成人、GS、TD三种款式',0
3011,"'— Nike KD 12 EP ""Blue Gaze"" —打开APP，查看更多精彩图片凯文·杜兰特的最新签名战靴已经是KD13，但KD12依然有着不少的拥护者'",1
330," '而姚明的商业团队认为应该给至少4年2000万美元的报价，耐克的随后回复：""are you kiding me'",0
2840, Air Jordan,1
396, '但将命名进行更改，这样的套路似乎在Nike Air Yeezy 2上还用不了',0
2892," 'Nike Kyrie 6 ""Chinese New Year""'",1
2240, '看到这边只能说这一切或许都是命中注定，只是 Michael Jordan 本人的一念之间，竟对个品牌与他人生产生这么大的影响，也还好乔神的父亲的选择，我们现在才有如此经典的 Air Jordan 系列，或许在另一个时空，也有穿着 adidas 三条线 Logo 的 Michael Jordan 也说不定呢 ',1
3762, '并且还要说一下，在AJ 1的经典款式上，这位大佬在设计上加入了多层帆布鞋面设计，真是一波硬核操作，同时增加了扎染的设计，使整体逼格更加提升了',1
3052,'【文/观察者网 陆雨聆】耐克的Air Jordan（AJ）系列众所周知，“飞人乔丹”也成为了体育品牌中辨识度最高的logo之一',1
1368," 'Gatorade x Nike PG 4 ""White GX""货号: CD5078-100发售日期2020.7.31定价: $120·END·get运动潮流微信号：getdunkhome'",1
2475, '这次今天另一个重磅信息就是，OW X AJ1新配色的实物图片再次更新了，虽然实物图我们早已看过多次，但是这次的再次更新意味着在年初经历发售传闻风波的OW X AJ1黄色款可能已经确定从样品变为市售款式了',1
629, '这双海沃德依旧运用红白撞色，并且鞋舌的金色字印和后跟点缀的金色LOGO，提升整个鞋子的质感',0
3356, '而作为这一系列的最新款，LEBRON 18不论是科技属性还是潮流属性都有了极大的突破，所以不论是实战派还是潮流派，我觉得LEBRON 18都是一个非常好的选择',1
32, '这款 Nike Kyrie5“Taco” 将于11月24日限量发售，发售价为￥999 元',1
3759, '在舞台上的J巴尔文表演总是那么淋漓尽致，而此次在超级碗中的LIV中场J巴尔文携手詹妮弗·洛佩兹的共同表演，极具看点，并且这也是二人进行的Air Jordan 1首次合作，真是超厉害了',1
1124, '更是爆出宁王是NIKE的忠实粉丝，几千块的AJ系列都是小意思啦',1
1953, '发售日子越来越近之时，网友也纷纷提前po出自己的穿搭，从网友们的分享图可以看出，即使穿着简约的黑色裤子也能完美地展现出整双鞋的优点，AJ1白丝绸鞋头位置的铜钱与亮眼的红色外底，真是吸足了大众眼球',1
1532, '另外这次的鞋面也可能是双层式的，在白色鞋面内还有一层金色，看来这双白丝绸AJ1也“暗藏玄机”',1
548, 'Nike Tanjun 外形简洁，也没有气垫减震等高科技加持，但因为舒适轻便和亲民的售价广受欢迎，被称为「妈妈最爱的鞋子」，目前看来耐克未来可能会推出更多这种中低端价位的运动鞋',0
28, '近日，中国球鞋摄影师@gc911 在其 ins 上晒出了Kyrie5“Taco” 的实物细节美照',1
3879, '...5、Nike SB x AJ 1 Retro High OG',1
948, '又是固定的问答环节，来看看本周有哪些问题吧～ID：你的小哥哥Q：果子，据说利拉德六换了中底，还会香么',0
865,'SNEAKER马尼亚微信：snkrmania微博：snkrmania关注我们，不会放过您要买的新品上市时间',0
1425,"'近日Nike专为保罗·乔治有钓鱼的这个个人爱好带来一款PG4的专属配色设计，也列为Nike的ACG户外线产品中，并更名""PCG""'",1
372, '而代表 Off-White™ 的橘色标签亦保留于内，据传将一举推出三款新色',0
4006, '没理由缓震不行，更何况里面还有一个硅胶鞋垫，锦上添花~内里填充到位，跟AJ13一样的老式但是实用的鞋带系统',1
1556, '一天蒸发13亿美元',0
2460, '比如 Nike 的 logo 像是一把弯刀，被设计成了一把裁纸刀：阿迪达斯的 logo 被设计成笔架：Nike Air Jordan logo 被设计成衣架：LV logo 被设计成名片托：微软 logo 被设计成便利贴：Airbnb logo 被设计成塑料夹：麦当劳 logo 被设计成纸夹：Twitter logo 被设计成水果刀：本田 logo 被设计成开瓶器：美津浓 logo 被设计成裁纸刀：Adobe PDF 图标被设计成衣架：设计师甚至还公开了PDF 图标衣架的设计过程（需到设计癖官网点击链接）',1
883,"'完美致敬，Nike SB将推出全新Dunk Low ""Chicago""演绎经典配色，向Air Jordan I致以敬意，根据@size'",1
976, '而zk是Zoomkobe的缩写，aj是AirJordan的缩写',1
2656," '（下为简易名单汇总）12、黑红 Air Jordan 11 ""Bred""11、OFF-WHITE x Air Jordan 510、纯白 sacai x Nike LDV Waffle9、哈密瓜 Adidas Yeezy 350 V2 ""Desert Sage""8、雪城大学 Nike Dunk Low ""Syracuse""7、丝绸黑脚趾 Air Jordan 1 Satin ""Black Toe""6、氧化天使 Adidas Yeezy 350 V2 ""Yeshaya""5、石斑 Nike Dunk SB Low ""Safari""4、北卡 Air Jordan 3 ""UNC""3、黑绿脚趾 Air Jordan 1 ""Pine Green""2、小迪奥 Air Jordan 1 Zoom1、黑生胶 Adidas Yeezy 350 V2 ""Cinder""从排名上来看，比较让人惊艳的是2大黑马品牌的杀入——一个是美国新兴潮流品牌OFF-WHITE，另一个是日本新兴品牌sacai'",1
398, '到这里就不得不提到伦纳德败诉耐克的案子，其实也是这么个情况——伦纳德敢起诉耐克，就是因为他曾经参与设计个人Logo，认为自己有版权；当然，伦纳德势单力薄，没斗过财大气粗的耐克；由此，耐克在什么情况下才能复刻Nike Air Yeezy 2呢',0
3901, '耐克没完没了的调色板上有各种相似的颜色，各种经典的复制品，一年中几十双aj1真的让这双运动鞋疲惫不堪',1
1316, '于我而言，在一定程度上可以说 PHANTACi 还未「出圈」，只是个活跃于周杰伦歌迷心中的潮牌',0
322, '耐克眼看情况不对，立马找代理人和姚明洽谈，据说合同金额几乎是04年科比和詹姆斯的总和',0
581, '其四、针对上代鞋帮保护性上的不足，Nike KD 13在鞋帮和后跟处采用了类似Air Jordan 1的皮革环抱补强；其五、针对上代支撑和抗扭转能力上的缺憾，Nike KD 13加入了可视TPU抗扭片，前掌外侧加入了TPU上翻补强，消除短板；最后是最受关注的缓震上，Nike KD 12已经是全掌裸露气垫+双层气垫的设计，Nike KD 13还能怎么变',1
1941, '最近Jordan发布的最重量级的Fearless Ones系列，其中有着13款AJ1高帮大张旗鼓地出现在我们眼前',1
63,'今年Nike发售的全新自动系带篮球鞋Adapt BB凭借惊艳的设计和出色的外观造型赢得了大家的喜爱，有着极高的人气',1
2175, '所以，Nike LeBron 8 V.0这算是成了詹姆斯抱团的铁证了吧',1
2822, '目前 2016 年复刻的黑红 Air Jordan 1 市价已经突破￥5000 元，这双全新中帮版本实在是再好不过的平价替代品',1
3210, '据悉，这款配色将于 12 月 6 日正式发售，发售价为 $ 120 美元，喜欢的朋友不妨关注一下~Nike SB x Air Jordan 1 Low货号：CJ7891-200发售日期：12 月 6 日发售价格：$120 USD',1
915, '这次比赛脚踩AJ34驰骋的样子真的是非常帅气呢，这款鞋子无论是首次运用于AJ系列的3D打印技术还是出色的前后掌包裹性，都受到了NBA主流球星的欢迎',1
718, '老吴有个儿子，16岁，因为是老来得子，所以特别宠爱自己的儿子，对儿子的要求从来都是能满足就满足',0
97, '但这一次，不是高端风格，而是夏季的低帮风格',0
3318, '王琳凯-Air Jordan 11 “Bred”小鬼此次上脚的这双AJ11黑红配色也是很多人的情怀鞋款，之前已经有过几次突袭发售，正式发售也将在今天进行，据传这双鞋的货量可能会达到百万双',1
2649, '近日，一款类似于珍珠奶茶配色的 Air Jordan 1 Mid 曝光之后便吸引了众多粉丝的关注，该单品整体以奶白色搭配黑色鞋头装扮呈现，侧边的 Swoosh Logo 与鞋帮形成互相点缀，使得造型风格街头感十足',1
323, '但是姚明在之前感觉自己的自尊受到了侮辱，最后接受了锐步',0
1567, '耐克被网友疯狂吐槽引爆这场连锁反应的这双PG2.5篮球鞋，是NBA球星保罗·乔治的一款签名鞋，于2018年夏季推出，在耐克的网站上售价95美元至105美元，属于耐克众多系列签名鞋中的一款，并非普通的耐克球鞋，这加剧了人们对耐克球鞋质量的质疑',1
1323,'Travis Scott 曝光Nike AF1新鞋Travis Scott x Air Jordan 系列持续的出现，让所有鞋迷都惊喜不已，除了AJ外，最近Travis Scott在INS上曝光了最新联名Air Force 1的鞋款，从图中可以看到，该鞋款由棕、灰、蓝、紫等颜色组成，并运用了撞色的设计手法，同时鞋后跟带有Texas字样的金属搭扣',1
203, '\u3000\u3000Airjordan13，Aj13是用猎豹为设计灵感的，整个鞋底都被设计成了类似于动物爪子的样式，鞋子的上面全息图是aj13，另外一个显着的特点，这个被国内玩家称作是猫眼的小东西，也成了aj13的点睛之处',1
4036, '第二个则是联名，去年的AJ1联名系列中不少重磅合作都出现了LOW的身影其中最热门的莫过于TS AJ1系列，而在此之后NIKE SB X AJ1也推出了低帮款，今年公布的DIOR X AJ1还有最近刚刚更新反转禁穿都看到了LOW的出现，而这一举动则是为了让更多普通鞋友玩家慢慢注意LOW的鞋型',1
980, '每个品牌都有不同的产品线去面向不同的人群，更重要的是，每双鞋的设计成本，材料成本也是不同的',0
707, '昨日国区 Snkrs 突然上架随后又秒下架，这一操作被不少网友怀疑是否又要进行专属发售',0
3685,'今日，Nike正式释出Nike SB Dunk Low PRM官方图辑；近期海外曝光了一款Air Jordan 6 WMNS全新配色',1
3569, 'AJ系列的球鞋无疑是当下最火爆的球鞋系列，乔老爷子退役后每年还能从AJ拿到上亿美元的销售分成，让人眼红啊，要知道詹姆斯和科比就是巅峰时期，一年的收入也顶不上',1
3379, '其采用了先进的动力系带系统，上脚 Nike Adapt BB 后，定制的电动马达与齿轮组将自动感应穿着者脚部所需的张力，并进行相应的调整以保障足部舒适',1
347, '真的是开车上街免费送',0
2245, '相比较aj34，kd12等等，这双鞋子的耐磨性还是可以的，打内场和外场的塑料完全没有问题，大家都知道，外场方面的水泥地面是对篮球鞋损伤最大的，欧文6的鞋底并没有像其他硫化胶底及水晶底底那么脆弱，但同样，为了在缓震方面打好基础，欧文6的鞋底并没有特别强大的耐磨性',1
2498, 'OFF WHITE x Air Jordan 5没想到除了 AJ4 外，AJ5 他也下手，有意思的是这次将 OW 品牌标志性的 Logo 印在在后跟上',1
2837, '当然，这双Nike Kyrie S2 Hybrid到底是不是实打实的香',1
231, '第一个主题是“REVEALING（揭示）”，通过手工剪裁、开源和重新构造的设计方法使鞋子看起来一目了然，其中包括Air Jordan 1、Nike Air Max 90、Nike Air Presto、Nike Air VaporMax和Nike Blazer Mid',1
1642, '据了解，“爆鞋事件”之后，Nike股价应声下跌超过1%，这也意味着因为这次突发事件，Nike市值蒸发超过13亿美元，相当于整个篮球鞋市场一年的销售总额',0
2210, '今年双方的合作依然在继续，除了 AJ 5 联名以外，还将带来全新的 Nike Air Rubber Dunk 联名',1
693, '从最早的Nike Mag、Hyperadapt到Adapt BB，Nike不断为鞋注入科技元素，而在设计上也逐步走向市场化',1
1112," '但是熟知""禁穿""这款颜色的资深鞋迷也在猜想，身为AJ1以前上市的重磅鞋型，MJ被NBA警示禁止穿着的鞋型可能是这双NikeAirShip而不是AJ1禁穿'",1
3443,"'Nike PG 4 ""PCG"" EP保罗·乔治热衷垂钓，对探索自然有着深厚的感情'",1
439, '点击上面『关注』，你就是Sneaker了',0
2588,'除了与 A BATHING APE 的联名系列外，为了庆祝香港首间门店的开设，洛杉矶街头品牌UNDEFEATED还将带来一双全新亲友限定的Nike Kobe 1 Protro鞋款',1
411,'NBA是世界最有影响力的篮球赛事，同时也是商业运作最为成功的赛事，因此NBA球员的收入也是全球最高的，许多球星的年薪高达3000-4000万美元',0
1496, '紧接着 Nike 官宣一双 AJ1 反转黑红的低帮版本',1
1370, '这款全新战靴采用复合材料制成的织物鞋面呈现，在保证支撑性能的情况下，得以拥有更轻的重量',0
777, '别人我都不告诉，有颜值，能实战，主要还不贵，良心推荐，邻居家小孩都馋哭了，小姐姐看了都喜欢问我哪买的',0
1659, '据了解，耐克目前的市值为1321亿美元，该股在过去一年时间里已经累计上涨了25%，自今年年初以来则上涨了13%以上',0
877, 耐克,0
470, '设计风格在新潮感和复古性相互间相互间转换来去自如',0
952, '而且，利拉德6和哈登4的中底是一样的，多么有排面',0
1685, '首先NikeZoomRize从造型上看非常复古，在它的身上我们也很容易就能够看出10年前耐克的经典团队篮球鞋HyperDunk的影子',1
602, '另外，得益于耐克的支持，匡威自己也在今年对Converse All Star做了一些突破——此前，一双全新环保版本的 Chuck Taylor All Star “Musenshoku”曝光',0
697, '一双加入科技感的正儿八经的篮球鞋',0
2329, 'LeBron 17、Kyrie 6 以及 PG4 这样的旗舰战靴同样以折扣价格登场',1
217, '总之，Nike LeBron 17是一双得分很高的篮球鞋',1
578, '其三、Nike KD 13升级虽然很多，但是球鞋重量居然更轻了',1
788, '继哈雷娜代言以后篮球鞋方面也是请了许多的代言',0
1028, '作为NBA传奇巨星，科比的曼巴精神代表着不屈不挠的毅力，许多篮球运动员也是因为他而激发了斗志，以更加勤奋的练习来提升自身的水平',0
698, 'Nike HyperAdapt 1.0发售价720美元',0
607, 'id=1647553107294322509免责声明：慧科和该网页的作者无关，不对其内容负责',0
1782, '而就在昨日，侃爷再次发推称：「我会穿着 Air Jordan，直到成为 adidas 董事会成员',1
1369,'欧文最新签名战靴 Nike Kyrie 7 即将发布DUNKHOME1604456400已经曝光多时，受到不少实战党期待的欧文最新战靴 Nike Kyire 7 将于下月正式发布了',1
206, '这双鞋子在搭配上紧身的铅笔裤可以让你的腿在视觉上面拉长一个层次，简直是完美的搭配',0
3696, '///04 Air Jordan 6 Retro WMNSvia：Nike近日，海外曝光了一款Air Jordan 6 WMNS全新配色',1
814, '当然，RoadWarrior还属于概念鞋的范畴，而且也不是篮球鞋，不过未来，我们可以期待耐克以此为契机，造出类似的篮球鞋，并且，也期待下1个卡特横空出世，划破天际',0
742, '然而今年以来各大运动品牌的日子却不太好过，毕竟在特殊情况的影响之下，各行各业都受到了一定冲击',0
970, 'ID：NewlifeQ：zk＝aj＝lbj＝kd有吗，zk和aj退役了，lbj也快了，kd看伤势，但是lbj可以和前相提并论啊这个问题我先给大家介绍一下，当天推文里我说ZK=AJ，是很有意义的两个词',1
6,"'如今""烂大街""的AJ，曾经在它面前也只是个""弟弟""AirJordan篮球鞋的热度近几年一直持续升温，没出一双新配色价格都被炒上天，但是似乎近几年的airjordan火的意味没有以前那么纯粹了，很多都脱离了爱鞋本身'",1
405," ""id=1664904476229685493' target='_blank'>https://baijiahao.baidu.com/s""",0
3557, '而Yeezy也因此被认为有望在未来彻底超越乔丹的Air Jordan，成为球鞋全的第1子品牌',1
380, 'New Balance 美产1300 作为千系家族的开山鼻祖，问世于 1985 年，以其优质工艺深受鞋迷的喜爱',0
922, 'Travis Scott x Air Jordan 6发售日期：2020 年去年 Migos 成员 Offset 已经上脚了姜黄色联名版本的 Air Jordan 6，大概率会在今年正式发售',1
1383," 'Nike Kyrie 7 ""BK Black""▼灵感来源于欧文主场布鲁克林，纯黑色鞋身映衬着白色图腾底纹，低调又难掩霸气'",1
349, '侃爷免费送的做法实属令人意外，没想到送鞋的过程也令人防不胜防',0
4140, '5.KD13再曝新配色刚刚发售不久的Nike KD13以其优良的性能配置、不俗的造型表现俘获了众多玩家的心',1
1430,'一名职业篮球运动员，赛场上的数据是其能力的证明，就像科比一样，单场砍下81分至今无人能及；然而，场外的品牌代言则代表其的影响力，就像詹姆斯一样，每年的代言收入竟然比年薪还要高出不少',0
1730, '例如这几天正在抽签的年度鞋王DiorxAJ1，周杰伦早已提早穿上演绎，尽管并不是传说中的亚洲最速男，但有本事取得这款稀奇联名鞋的明星，的确屈指可数，得以看得出彼此的深厚感情',1
1445, '其实，不仅是在CBA，就在是NBA也存在这样的现象',0
1333,"'最近，""篮球之神""迈克尔·乔丹的纪录片《The Last Dance》提前开播，引来了不少热议，其中，关于乔丹当年和耐克的合约 、签名鞋命名的话题就非常值得关注'",0
687," '""她很生气的说：""如是假的，我嫁给你'",0
2834, '如果按照Nike Kyrie 4的中底，Nike Kyrie S2 Hybrid将搭载后掌Zoom Air，但考虑到近两年Nike非常喜爱放在Nike Kyrie系列上的Zoom Turbo，更换气垫配置也不是不可能',1
1306, '总而言之，MV 的人物形象与 LeBron James 球场上的王者风范不谋而合',1
3425, 'Air Jordan 6如今，Jordan Brand愈发重视女性消费者以及爱好者的需求，不断为女性打造专属的鞋款，收获了不错的反响以及赞誉，早前的Off-White™ x Air Jordan 4 WMNS「Sail」就有着出色的人气，而品牌也将继续推出新的鞋款',1
562, '7-Eleven 便利店想必各位都十分熟悉，可以说是已经开遍了全球各地，其标志性的 7 logo 也是深入人心，Nike 与它的合作让小编不禁联想到此前 Vetements 与「黄牌」运输公司 DHL 的合作，即使两个品牌有点风马牛不相及，但是存在即合理',0
1396, '真正的鞋头都以收藏了怎样经典的DUNK为豪~为什么DUNK要比AJ的人气高这么多呢',1
471, '后跟在Zoom气垫的扶持下也有特殊的笼状结构包覆，外型上极具冲击感',0
937, 'COMME des GARÇONS SHIRT x ASICS GEL-Lyte III发售日期：2020 年COMME des GARÇONS SHIRT 此前一直都是跟 Supreme 和 Nike 玩，今年 ASICS GEL-Lyte III 三十周年，也是给足了面子',0
3952,"'—NikeAlphaDunk""Hoverboard""—作为Hyperdunk系列的继任者，NikeAlphaDunk是不少篮球狂热者期待的一款全新科技篮球鞋'",1
1731, '但是，在演译DiorxAJ1以外，周杰伦近期提早穿上的另1双7月重磅鞋款，却又让彼此间的关系看起来错综复杂，看晕了一众鞋迷',1
2318, '据悉，Nike Kyrie 4 “Halloween” 将于 10 月 13 日正式发售，发售价为 $120 USD，届时喜欢的朋友可以不要错过',1
1167, '等等今年的鞋王也太多了吧',0
1310, '要知道，龙在传统神话中是王权与力量的象征，而当它呈现于鞋款之上，无疑是在映衬着这两位当代王者在篮球与音乐领域里强大的统治能力',0
640, '因为一年一次的新年，是中国人阖家欢乐的日子，是中国人最重要的节日',0
281," '要知道，前段日子，他和李小璐疑似""打情骂俏""的新闻是天天霸屏'",0
2949," '耐克LeBron 17"" Graffiti""'",1
2315,'在 Air Jordan 1 Mid 万圣节配色释出之后，Nike 于今日再次释出一款全新的万圣节主题 Nike Kyrie 4，将于 10 月正式发售',1
434, '鞋面采用大面积织物材质搭配高档的翻毛皮材质，鞋头采用更为复古的造型设计，为整双鞋带来更为纯粹的滑板风格',0
662, '宽松的工装裤在搭配的时候，可以修饰腿型，裤子把高帮鞋遮住了很大一部分后，也显得这套穿搭很有范儿，它们的搭配还突出了王一博的青春活力',0
3572, '当年为了签下乔丹，耐克给菜鸟乔丹开出了5年250万美元的天价代言费用，可是这还是不足以完全吸引乔丹，所以耐克有开出了成立以乔丹名字命名的子公司，也就是AJ，而乔丹本人则能用永久性得到AJ的销售分红',1
559, 'context=%7B%22nid%22%3A%22news_10678100150545934435%22%2C%22sourceFrom%22%3A%22bjh%22%7D&type=news免责声明：慧科和该网页的作者无关，不对其内容负责',0
194, '有很多小伙伴们觉得只有一双美腿才能够配得上a这些，其实不是这样的，只要穿搭的方式正确了，大家的目光也都会聚集在aj上面',1
2316, '这款 Nike Kyrie 4 “Halloween” 整体以黑色为基调，亮眼的荧光绿邪能细节附着在外侧 Nike Swoosh 之上，呈现下滴趋势',1
997, '或许下一双KobeAD，我们又能看到耐克鼓捣出一些奇奇怪怪的鞋带系统了',1
729, '售货员看着老吴这一身行头，嘲笑老吴“装大款”，对他说：“你就是一个民工，还买耐克',0
1357, '自停止发售有关于科比的一切单品后，原计划发布的Nike Kobe 5 Protro也一直延期',1
770," '多处细节展现出太空主题，鞋舌以星球 Logo 呈现，鞋帮内侧为酷似宇宙大爆炸的涂鸦设计，外侧则是 ""There Is No Coming Back"" 字样，呼应宇宙探索主题'",0
612, '1：李宁韦德之道CNY虽然这双的韦德之道的CNY发售价有点小贵，但是还是物超所值',1
3774, 'Air Jordan 6花卉配色在设计上延续了AJ 6整体的一贯风格，以浅黄配色为主点缀上柠檬黄色，非常和谐、充满清新感',1
4029,'今年各位鞋友们都有买AJ1吗',1
949, '利拉德6从利拉德5的bounce换成了LightStrike，这一点是已经确认了的',0
1154," '这样一轮轮明星轰炸实在来得让人有点措手不及，凡是那些初看""不怎么样""的鞋款，在看完一圈搭配玩家们上脚以后，仿佛真有点香了'",0
2133, '4、Air Jordan 11系列详细介绍：Air Jordan 11发售于1996年，直至今日也是Nike旗下非常经典的鞋款，因为它的风格特别典型，皮革的材质让鞋子看起来特别有质感，完全没有过时的感觉',1
1586, '这款配色以白色主调辅以黄色、蓝色以及玫红色细节点缀而成',0
3502,这个鞋子整体造型以经款复古鞋款 Air Money为设计蓝本，与 Air More Uptempo的中底设计相结合',1
99, '这双这双AIR JORDAN 11 LOW “WHITE BRED”它使用白色作为整体色调，并与黑色和红色的BRED系列相结合',1
2767," '而这双芝加哥 Air Jordan 1，则是在估值阶段，又让乔丹创造了1项历史第1——就在发起的1个主题为 ""The One | MJ’s Air Jordan 1s"" 的拍卖活动期间，苏富比拍卖行 （Sotheby\'s）对这双芝加哥 Air Jordan 1进行了估值，结果居然一度高达15万美元（约合超106万RMB）'",1
859,"'除了字母哥的 Zoom Freak 2 以外，欧文最新签名鞋 Nike Kyrie 7 也迎来了 ""Bred""黑红配色'",1
837,'CBA巨额罚单的背后，易建联不能上场都能拿到耐克的名额',0
344, '上周，著名爆料账号@yeezymafia 还进一步泄露了 Adidas Yeezy Quantum 系列将推出两个版本，包括被称为生活版本的「QNTM」（右）以及基于性能的构造「BSKTBL」（带3M反光）',1
608,'李宁安踏王者归来，CNY新年款个个比过NIKE、阿迪幸运叶子距离过年还有一个星期，新年的脚步声越来越近，一个月以前，各大运动品牌就开始发力，阿迪达斯的CNY系列，NIKE的新年款，每一年都会上演“中国配色谁家厉害”的戏码',0
568, '倒钩弟弟正钩 Air Jordan 1 即将来袭，定档 6 月',1
1313, '但耐克媒体中心只是简单介绍了 LeBron James的影响力和 LeBron 17的配置，并表示将会在 PHANTACi 发售',1
2473, '其中有经典AJ系列也有新款设计',1
3636, '有这么多的mid aj1的破解颜色，我相信aj1会在mid的帮助下继续流行',1
3744, '而关于这双AJ1烟灰的看法，马尼亚的表态还是和以前一样，今年的灰色AJ1人气很高如果你很喜欢这样的色系那可以原价入手一双等待7月11日的正式发售，如果你的AJ1已经够多也对这个配色不是特别感兴趣那大可不必',1
2256, '所以甚至把很多国人的口味养刁了，“有这钱，我买aj他不香嘛',1
982, 'KT5的限定配色在国外是要排队购买的',1
2599, '今年的Dunk发挥实在恐怖，肯定比Air Jordan 1要刺激了',1
2881, '这次的藤原浩没有和正代的AJ系列联名，不知道价格上能否亲民一些',1
1651, '2014年，在马刺与活塞的比赛中，吉诺比利在防守时左脚脚下打滑，将脚上的NikeAirMaxCloerIV直接撑破了，导致的脚直接从鞋帮的裂缝里钻了出来',0
143, Supreme,0
1190, '后来的故事我们都知道了，锐步看准时机果断拿出诚意与合同，耐克虽然也匹配了报价，但因为合同中的一些猫腻被姚明发现而最终被拒绝',0
3900, '从目前的趋势来看，今年以来，aj1的热度确实在缓慢下降',1
3095, '“我想让现在的孩子也能对那种激动之情感同身受，像我当年拥有第一双AJ时一样，他们一旦看到这双AirFOG1，就知道这是最狠的货',1
2252,manthiiAJ”',1
2474, '在这次泄露的发售计划消息中，除了已经确认要发售的AJ4、AJ5白色以及RUBBER DUNK三色外，关注度最高的就是AJ1和AJ5联名了',1
678, 'id=1661431651965820167免责声明：慧科和该网页的作者无关，不对其内容负责',0
1634, 'NBA准状元一脚下去，球鞋对半裂开',0
1494," '拿年初发售的 AJ1 反转禁穿配色来说，本身这个色就是 AJ1 禁穿配色方案这里里红黑互相换换，加上货量较少，鞋市上也比较""给面子""地小小起飞了一波'",1
1625," '◆ ◆ ◆ ◆ ◆ ◆03Air Jordan 5 PE ""Oregon""Air Jordan 5 SE 特别配色「Oregon」或将于今年正式发售，该鞋运采用Apple Green 配色搭配磨砂皮质料，辅以黑色细节搭配黄色锯齿'",1
1461, '这款运动鞋十分稀少，2011年的发布数量为1500双，2016年的拥有自动系带技术的复刻版仅发布了89双',0
193, '但是如果换到女孩子身上的话，就像松垮的球衣一样，女孩子把aj穿在脚上简直就是性感到耍流氓',1
754, '实际上从锐步被阿迪达斯收购以来，在市场的表现就一直不够理想',0
589,'打开APP，查看更多精彩图片今年球鞋圈可以说是被 Nike Dunk 以及 Dunk SB 系列统治，重磅联名接连发售，市场价格暴涨',0
1135, '打开UC浏览器 查看更多精彩图片好了先不说了，小编搬砖存钱去了',0
1772," ""无疑，在DIOR x Air Jordan、Ben & Jerry's x Nike SB Dunk Low等重磅鞋款相继发售后，玩家们对于球鞋也进入了一段时间的佛系状态""",1
1276, 'Nike LeBron 17 Low “Tune Squad”前不久，Nike又给詹姆斯带来了一款新的球鞋，正是这双Nike LeBorn 17的低帮版——Nike LeBorn 17 low',1
2454," '\u3000\u3000Nike Air Penny 3诞生在1998年，当时的哈达威刚刚经历了一段生涯的巅峰——场均20+4+7+2断，命中率超过50%，而在Nike Air Penny 3上，我们也看到了耐克的诚心之作：\u3000\u3000前掌内嵌Zoom Air；中底覆盖大面积抗扭片；后掌Air Max气垫；鞋型和鞋面材料则延续的之前Nike Air Foamposite One的发泡材料；\u3000\u3000显然，这种组合就现在来看，Nike旗下的签名鞋系列当中，也许詹姆斯的Nike Lebron系列因为鞋面材料的更新和新科技React等的加持，更前卫，但至少，Nike Air Penny 3的脚感不输篮网当家球星之一凯文·杜兰特的Nike KD系列，甚至""篮球之神""迈克尔·乔丹Air Jordan系列，可以说是许多玩家心目中的最佳配置设定'",1
1643, 'CNN报道中称，之所以耐克的市值会一度蒸发超10亿美元，是因为锡安·威廉姆森被认为是今年NBA选秀的头号大热门，也是当前NBA头号球星勒布朗·詹姆斯十多年前从高中进入选秀大会以来最热门的新秀',0
1199, '但这就让耐克很尴尬，虽然伦纳德之前不是与他们直接签约，但耐克和AJ的关系我们都知道，所以说伦纳德当时也可以看做是耐克的间接球员',1
914, '安东尼称为巨星后，Air Jordan更是为他推出了独家签名鞋Air Jordan Melo系列',1
1275, 'Nike LeBorn 17前掌两块分离设计的Zoom Air单元配合后掌部分面积巨大的Max Air气垫组合提供给整双鞋不错的启动反馈以及良好的缓震表现、Knitposite新的鞋面材质的使用给整双鞋提供更好的支撑及鞋面强度，这双Nike LeBorn 17在整体配置上无可挑剔，但是过于“厚重”的鞋体还是让不少球迷对其外观不是太满意',0
667," '耐克 NIKE KYRIE 6 CNY EP 欧文6 男子篮球鞋 CD5029 CD5029-001 42￥979京东购买欧文战靴先后和波士顿球鞋店铺Concepts开展联名，并且上图的Kyrie 6""李小龙""配色，刚出都让不少朋友们惊呼：太帅了'",1
399, '除非',0
2455, '\u3000\u3000而考虑到哈达威当年虽然球风也偏组织前锋，可所处的位置上毕竟还是锋卫摇摆人，和詹姆斯这样的坦克型锋线不同，因此，Nike Air Penny 3的实战性能和实用性方面，还是要比Nike Lebron系列要强的，无论是后卫还是锋线球员，Nike Air Penny 3比现在的比如Nike Lebron 18，更轻松/容易驾驭',1
1539, ',0
2533, ' 滑动查看更多图片，via: 曾预告过的Air Jordan 1 “Sports Illustrated”，官方近日确认了发售日期',1
955, 'ID：攀登Q：wen哥，如果只能选一双鞋的话，aj32和zk4那个性价比更好一些呢',1
270, '尤其是像耐克等大品牌，正是因为时间久、受到消费者的信赖，更应该严把质量关，不要让消费者失望',0
317, '鞋后跟处的@ Logo点明联名身份',0
3772," '而今年还迎来了AJ 6""Floral""全新花卉配色'",1
839, '易建联穿的鞋子是耐克的，有耐克的合同，耐克也给他买了穿鞋权益',0
304," '2Air Jordan 1 Retro High OG""Smoke Grey""▼「银河」主题在潮流中早已是屡见不鲜的元素，即使在被翻来覆去解构重塑，但每次以该主题推出的单品仍能吸引玩家为之驻足'",1
2823," '据悉，全新 Air Jordan 1 Mid ""Bred"" 将于今年正式发售，目前尚未释出具体发售详情，不过估计届时很抢手，感兴趣的朋友一定要继续关注我们的资讯'",1
2023, Air Jordan,1
472, '另一个StussyxNikeAirZoomSpiridonKK鞋型则和Cage2在后跟上拥有一致的设计方案，可是在鞋面上的设计方案更为高调',0
1283,'腾讯体育讯 耐克最近又有新动向，近日发布了具有超强缓冲性能的Air Max 720，颜色为醒目的黑红配色',0
506, '另外一个则是日本的老牌滑板店铺instant',0
3749,'保罗·乔治最新一代签名战靴 Nike PG 4 自年初亮相以来已经发布了近十款配色，但那么多配色，几乎没有一款是称得上好看的',1
1380, '绿色的鞋底则象征着拍摄片场的绿幕',0
2532, ' ... 2、AJ 1 “Sports Illustrated”发售 ',1
3238, 'Nike Space Hippie 系列中并不都是全新设计的鞋款，这位新成员就是以 Air Jordan 1 High Zoom 为原型，鞋面深灰色以回收环保织物打造，粗糙的质感酷似单宁布材质',1
906, '自从AirJordan品牌建立以来，就推出过AJ1，AJ4，AJ11等一系列知名球鞋，AirJordan这个品牌旗下目前签了像拉塞尔-韦斯布鲁克、吉米-巴特勒、肯巴-沃克、杰森-塔图姆、布雷克-格里芬、克里斯-保罗、卡梅罗-安东尼、蔡恩-威廉姆森这些大牌球星，中国球员郭艾伦也是签约AJ品牌下的球员，安东尼、保罗都有各自的签名球鞋，并且广受欢迎',1
1295, '一手货源、一件代发',0
3795, 乔丹以外有很多 国外官网攻略 4. 在 群聊可以跟其他粉丝们一起聊时常、鞋子、最新信息展开下三张\u3000\u3000因为漫威的全球人气一直在不断飙升，不少品牌都选择与漫威宇宙进行合作推出联名，相信很多鞋友也希望在NIKE这看到这样的合作，而最近有一双AJ1就和漫威有些关联',1
923, 'Off-White x Air Jordan 4 Sail发售日期：2020 年 夏季Off-White 2020 秋冬女装秀场出现的 Air Jordan 4，暂称只会以 WMNS 女鞋规格发售',1
98, '不知道你是更喜欢低帮款式，还是高帮款式',0
2939," '跟34代，詹17，KD12等就不说了，哪怕是跟AdaptBB1.0比，这$50刀的价值差异，在拿到什物和下脚之后，是能够很清楚明明地得出""不值""这个结论的'",1
3309, '鞋面依旧采用经典的Air Jordan 11材质打造，鞋跟处有白色飞人标志',1
1569, '“踩爆”球鞋事件早有先例耐克在比赛结束后曾发布声明，称：“我们对此事高度关注，也希望锡安能早日康复',0
1615, Supreme等新品上市时间，不会让你放过2. 未来准备给关注我们公众号的朋友们，按市场价能参加抽彩出售的机会3. Supreme,0
418, 'Jordan旗下的巨星包括东契奇、威少、锡安、保罗、安东尼、沃克、郭艾伦等',0
2011, '放下我的新鞋除了空中大灌篮，辛普森也有自己的球鞋梦——炫耀着超稀有的 Nike Air Ship和Air Jordan 1的红白套装；而灰姑娘的水晶鞋则被年度鞋王Air Dior直接取代',1
1459, 'MoonShoe完全由手工制作，目前仅存12双，本次的拍品更是已知现存的唯一一双全新的Moonhoe，这双鞋的估价约为16万美元（约人民币110万）',0
904, 'AirJordan目前成为篮球界非常知名的品牌，根据福布斯2019年球鞋合同收入排行当中，乔丹一年从耐克获得的收入就达到1.3亿美金排在第一位，超过很多现役球星',0
652, '】科比的职业生涯随湖人队5夺NBA总冠军，耐克Zoom kobe 5是科比5代签名战靴，于2009年12月初上市',1
1092,"'近日，Nike推出薄荷绿色为主调配色的Zoom Spiridon Cage 2""Barely Volt""；@solebyj晒出了Nike SB Dunk Low ""Denim""实物图'",0
1274, '当然Nike对这双Nike LeBorn 17的打磨也没辜负球迷朋友们对这双鞋的期望',0
496,'八村塁 x Air Jordan联名曝光八村塁是1998年出生在日本仙台市的日本职业篮球运动员，且在2019年通过选秀进入NBA',1
1320, '最后，这双 LeBron 17 「Courage」是否为联名鞋款，我们不得而知',1
1106,'到底NikeAirShip是啥鞋',0
3413, 'Nike LeBron 7「All-Star」继「红毯」和「圣诞节」两个配色之后，Nike LeBron 7「All-Star」配色也传出即将复刻的消息',1
129, '内衬还带有麦当劳元素的“m”符号，半透明的外底也用同样的图案装饰，非常引人注目',0
591, '▼ 王一博提前上脚「积木熊」Dunk SB Low近日，球鞋爆料账号 py_rates 曝出一款酷似情人节StrangeLove x Nike SB Dunk Low 的全新配色',0
2262, '我相信像aj1这种非常经典的款，Nike一定会把它恰烂为止，不然不会停的',1
542, 'AJ 系列可谓是现在耐克旗下最火爆的运动鞋系列了，就算是高仿也能卖到几千一双',1
2829, 'Nike Kyrie S2 Hybrid延续了1代的设计思路，将近3年Nike Kyrie的正代融为一体，现在我们来看看这双鞋的细节：Nike Kyrie S2 Hybrid结合了Nike Kyrie 4的中底和大底，Nike Kyrie 5的捕蝇草鞋面设计，鞋后跟则是最新1代Nike Kyrie 6的埃及之眼，可以说，这双鞋将过去3年欧文系列最标致性的设计完美融合',1
1934,'凭借城市机能风格、可拆卸Vibram大底和独特的穿搭方法，在一众AJ、YEEZY球鞋之中脱颖而出的NikexMMWFreeTR3SP，近日又迎来一款全新配色',1
2740,'黑红 Air Jordan 1 Low 新鞋来了最近新鞋不断，Air Jordan 1 Low 也跟上步伐，就在今早，一款全新黑红配色的 Air Jordan 1 Low 首次曝光实物延续经典的低帮造型',1
115, '这双鞋无疑增加了许多人的期望，在经典再现回归的同时，也带来了新的主题元素，这是很容易辨认的',0
3184, '蔡恩威廉森最终还是和aj完成签约，耐克没让状元郎花落他家，但耐克一直处在舆论风口中央，前段时间，关于伦纳德大手标志的问题，伦纳德方面和耐克方面都据理力争，还没有给出答案，现在又被一名律师给翻旧账，树大招风的同时，真的该好好考虑一下，是否做了不该做的事',1
1493, '近几年 AJ1 配色的越来越频繁复刻，各种梗也差不多玩烂，Nike 索性开启了自己的调色盘模式：色也懒得换了，直接换版型',1
2896," '请自带圆珠笔，方便抽签登记现金交易优先在分享会及派签过程中我们将随机送出由杰凸凸设计的NIKE KYRIE 6 ""CNY"" 书签数量有限派完即止温馨提示：希望大家尽量乘坐公共交通工具，避免塞车，附近停车位紧张'",1
1193, '然而很多人都知道，库里并不是耐克旗下的球员，这对耐克来说绝对是一种巨大的损失',0
892,'当今NBA，可能有99%的球员都会选择大牌运动品牌的篮球鞋，最不济也得像活塞球星加洛维那样，和小厂进行合作，来推己设计的球鞋',0
3558, '显然，侃爷现在重回耐克是因为他有了更强的实力，与此同时，阿迪已经没办法满足侃爷对Yeezy更高的要求和更大的发展空间，自然要寻求与更强的品牌合作；而鉴于乔丹的Air Jordan也是隶属于耐克，真让人感觉侃爷此举是要杀人诛心，在品牌竞争上彻底超越对手，甚至在未来取代乔丹在耐克的地位',1
907, '（Jee）',0
81," '这双 Yeezy Boost 700 ""Bright Blue"" 采用了极为醒目的亮色组合，蓝色鞋面和橙色鞋底拼接呈现，中部的黑灰色起到了承上启下的作用，让整体的视觉感受更为和谐'",0
1482, '据悉，这款 Nike LeBron 16 “What The” 尚未释出任何发售讯息，小编将继续关注',1
482, '在四季上脚都十分合适',0
519, '实拍预览灰黑/军旅蓝/暗烟灰/浅熔化红色UNION x Air Jordan IV Retro SP左滑浏览更多图片或为UNION LA与Jordan品牌合作打造的新系列Air Jordan IV Retro SP之一，近日首度曝光实物全貌',1
1115, '与AJ1禁穿对比，这个NikeAirShip的中底更厚，而有消息指出，此次上市Nike在这款鞋的中底添加了React高新科技，使舒适感更进一步提高',1
44,'作为配色多样的代表，Nike 在欧文 5上自然是准备了很多的配色',0
1374, '此番，Nike 正式公布了即将登场的 6 款配色',0
3643, 'AJ1 OG实际上是AJ1命运将于4月到来的air jordan 1“球场宗旨”被众多鞋友称为“2020年第一双备受瞩目的air jordan 1”，鞋友称为“zijiage”',1
1424, 'NikeCourtAirJordan8“WhiteAqua”发售日期：8月19日',0
2753, '莱昂纳德：莱昂纳德是这两年最火热的巨星了，小卡的生涯前期一直和AJ有着合同，不过在GDP慢慢老去的时候，小卡渐渐成为了马刺的核心，也渐渐打出了成绩',1
1204, '从这个角度来说，杜兰特的受伤耐克才是原罪',0
1535, '关于这次CLOTXNIKE联名的发售传闻日期，目前蓝丝绸可能会在10月底上线，藤原浩三方联名海外预计10月上线（也有传闻在年底）而丝绸AJ1我们就要等到2020年了，还请各位继续关注马尼亚，之后我们会继续更新相关信息，敬请期待',1
1431, '当然，NBA如此，CBA也是同样的',0
7, '而且比较热门的社交软件平台比如某音，通常也会带火了很多品牌和产品，其中还包括AJ1',1
2594,"'独家纯原 外贸平台专供版本‼耐克 Nike Air Jordan XXXIV""Eclipse""粉巴黎AJ34 未来概念轻量化篮球鞋#市场首家纯原版本 专供平台大店#官方原盒 二维码原装芯片标 可扫描#真实原装ZOOM丝状气垫 肉眼可见全新 Eclipse Plate 科技 采用 Pebax 材料以及 Zoom Air 气垫单元构成，减轻重量的同时让爆发力更为强劲，直观视觉上的镂空自然代表着重量的突破#前后独立气垫 超轻鞋面 独立后跟 镂空中底.尺码：40 40.5 41 42 42.5 43 44 44.5 45 46 （邮费超重）340'",1
4021, '锡安表示“能成为AJ的代言人非常荣幸，乔丹是我一直仰慕的球员，也希望以后拥有乔丹一样的影响力和统治力',1
104, '但是，该来的总会来的',0
1297," ""act=topicPlus&topic_id=10317951&poster_id=0&page=1&v=1' target='_blank'>https://m.libaclub.com/newService/module.php""",0
3190, '毕竟选用了Air Jordan 1这样标志性的鞋型，搭配Dior Men悠久的品牌历史，双方一出手更让Travis Scott等大咖亲自上脚，也激起一波精品联名球鞋声势',1
669," '耐克 NIKE KYRIE 6 EP 欧文6 男子篮球鞋 BQ4631 BQ4631-001 42￥849京东购买鞋面配色以白色为主，小细节十分多并且多以特殊亮眼的颜色点缀，另外不得不说欧文6的鞋型真的十分优秀，一定有不少朋友们在Nike By You里定订制了Air Yeezy配色吧，鞋舌除一只印有欧文的专属LOGO，另一只则印有宇宙星球图，在鞋身两侧写有There is no coming back以及宇宙大爆炸图，除了少了Virgil标志性的""""符号以外，还真颇有OFF-WHITE风格'",1
903, '当时耐克和乔丹签下的这份250万美金合同是一份超大合同，这也拉开双方长达20多年的合作，1984年乔丹经纪人同时在策划AirJordan这个球鞋品牌，1985年9月16日AJ1问世',1
2661, '当然，从进入排名的数量上而言，耐克以及AJ还是占据统治地位的；但不知道接下来的一段时间会不会有新黑马杀入',1
522," '「0元抽」OFF-WHITE x Air Jordan 4""Sail""点击文末「阅读原文」→「0元抽」即可参与抽奖'",1
654,'以男团成员之一的身份而出道的王一博，有着出色的舞蹈能力，因之后获得了演技上的认可，是以现在很多人也都是由他扮演的角色而认识到他的',0
1654, '分析师：“爆鞋”事故不会给耐克带来很大影响虽然“爆鞋”事件让耐克股价大跌，不过，截至上周五收盘，耐克股价又上涨0.96%，收复了“失地”',0
1095," '///02 Air Jordan Retro 11 Lowvia：zsneakerheadz近日，@zsneakerheadz曝光了一双全新Air Jordan 11 Low WMNS ""Bright Citrus""，整体以纯白为主色调，注入亮眼黄色，搭配淡蓝色水晶外底，呼应了炎炎夏日'",1
3389, '我要曝光，我在商业大厦那里的耐克专卖店买的一双鞋AJ1的鞋子，质量严重有问题，没怎么穿，现在脱胶，脱皮，过了三包，没办法，还不如地摊货上面的鞋，一千元穿五个月',1
1540,鞋面由白色半透明材质打造，鞋领为紫色织物，后跟及飞线点缀有浅绿色',0
1489," '如果你要拿出 AJ1 黑红、黑红脚趾、芝加哥等等一系列配色来举例反驳狗叔，狗叔也相信你迟早会发现，这些鞋的热门几乎都靠着芝加哥""那一抹公牛红""、禁穿的""背景故事""以及大部分人的跟风'",1
85, '黄色和藏蓝色的明显分界，让这双鞋子显得与众不同',0
706, '这也导致鞋子价格一波涨幅，目前稳定在 2400~3300 元左右',0
3346, '加上后跟处的TPU还用上了近年来大热的半透明设计，明显要比上一代的Nike LEBRON 17要更具潮流感',1
1631," ""id=1664721155303062078' target='_blank'>https://baijiahao.baidu.com/s""",0
3904, '耐克SB系列、AJ 4 5 6、yeezy 350曾是一个时代的主流款式，但最终都从祭坛上落下',1
23," '佳得乐 x Nike PG 4""GX White""货号：CD5078-101发售日期：2020年7月22日发售价格：$ 120 USD'",1
3750, '由此不少球鞋玩家直言：PG 4 是唯一一款什么配色都拯救不了的球鞋',1
1652, '2016年，在魔术与76人的比赛中，阿隆·戈登完成了一记空接暴扣，落地后才发现自己脚下的Nikehyperrev2016已经裂开了',0
957, '所以这个还是分人群吧，大体重的选手肯定AJ32更好一些，小体重的力量型可以选择AJ32LOW',1
1511," ""id=1663841698281145783' target='_blank'>https://baijiahao.baidu.com/s""",0
1174,'Travis Scott X Nike SB Dunk Low潮流联名，腰果花全网第一批纯原开箱实测',0
1583, 'cre=tianyi&mod=finappt&loc=5&r=25&rfunc=27&tj=none&tr=25免责声明：慧科和该网页的作者无关，不对其内容负责',0
1161, '考虑到美利坚目前的形势，Nike 做出这个举动也确实情有可原，不过既然已经有消息将会大范围发售，想必工厂也已经赶出来了',0
1378," 'Nike Kyrie 7 ""Soundwave""▼灵感来源于欧文对音乐的热爱，深色调的鞋面与粉橘色的鞋舌、鞋领及后跟搭配，并在后跟处以音乐波形般的图案点缀，呼应灵感来源'",1
1507, '灰色在今年也不算是什么流行色，却被 Nike 靠着 Dior x AJ1 的热度一波波蹭，这操作实在有点',1
1412, '那AJ与DUNK有什么区别么',1
495," 'Nike KD 13""Multi Camo""发售日期：2020发售价格：$ 150 USDpic via：kix.r.us'",1
18,'已经数次联手推出联名 PG 4 的佳得乐（Gatorade） 与 Nike ，还将继续合作带来全新 PG 4 ',1
492, '这款新配色鞋面采用白色网格搭配黑色 Swoosh 示人，中底以泼墨元素点缀，最后搭载彩色迷彩印花外底，整体风格相对来说比较低调却不失抢眼元素',0
93, '欧文4代和欧文3代相比，性能上做到了显着的提升',0
513, '二级市场炒卖已成常态，普通玩家没必要为之吃土',0
1176, '同样，在Travis Scott发新全新专辑《JACKBOYS》当中MV上脚的Nike dunk SB，似乎也非常耀眼',0
3784, '近期海外媒体公布了一双全新的AJ1 MID设计，由白色和绿色构成鞋面，在SWOOSH和后跟处则使用了紫色，让不少鞋友联想到了绿巨人浩克',1
3385, '我要曝光，我在商业大厦那里的耐克专卖店买的一双鞋AJ1的鞋子，质量严重有问题，没怎么穿，现在脱胶，脱皮，过了三包，没办法，还不如地摊货上面的鞋，一千元穿五个月',1
4056, '在NIKE小将库兹马初试牛刀后，阿迪达斯祭出大将哈登和罗斯，NIKE也不甘人后，派出了威少（AJ）和杜兰特，23日，NIKE祭出大杀器，现役NBA第一人詹姆斯',1
4033, '19年初马尼亚曾经写过一篇内容和大家聊了一下曾经无人问津的AJ1 Mid却变成了当下鞋友穿的最多的款式之一，而时隔一年同样的套路又换了一个人选并且可能比Mid有过之而无不及，那就是Low',1
1217, '鞋底这双鞋的中底使用了bounce科技，也是阿迪达斯目前的当家科技',0
1483, '',0
2818, '不得不说，新配色以经典高帮 Air Jordan 1 黑红配色为原型，相似度超高，恐怕发售之后很抢手',1
465, '配色则上较为胆大，一个是纯黑色为主拼接OG感满满的红蓝色块，一个则是淡粉色为主拼接深粉灰色色块',0
1940, '中西方设计有审美有些巨大的鸿沟，他希望自己成为连接鸿沟的桥梁，而 AJ1成为了他的设计第一选项',1
897, '这是一款丁维迪从设计到制作全场把控的球鞋，和数年前推出Starbury品牌的马布里一样，丁维迪希望自己能够在球鞋的设计和个性化订制上有最大化的意见表达',0
1658, '”此外，许多华尔街人士也都表示，如果耐克能够很好地控制形势，那么这一事件对该公司股价的影响很可能将是有限的',0
828, 'spss=newsapp&spsw=1免责声明：慧科和该网页的作者无关，不对其内容负责',0
1345,'2018年Nike适时的推出了新一-代的KobeA.D系列，鞋款整体造型秉承了科比签名鞋一贯的速度感，v，pt-dchp但并没有使用上一代AD NXT的Flyknit编织材料，而是以常规的氯J橡胶材质打造出鞋舌与鞋身一-体化的结构',1
1649, '我们一直都把产品的质量和性能表现放在首位，但这只是一起孤立事件，我们也正在找问题出在哪了',0
432, '据悉，该联名鞋款将于2020年1月2日正式登陆POETS官网发售，感兴趣的朋友千万别错过啊',0
762, '之后阿迪又为锐步进行了重新定位，可以看出近些年来锐步一直在健身、竞赛等领域出现，换句话来说，只能在小众领域看到锐步了',0
507, '同时，耐克SB Dunk的疯狂复苏，让越来越多的知名滑板店铺也开始设计自家的联名鞋款，这一双附着一个犬头的特殊鞋款，也即将要正式发售了',0
1497, '在配色方案和皮质处理上，这双低帮版本反转黑红和高帮版本如出一辙，如果货量很大的话，怕是会影响 AJ1 反转黑红的销路吧',1
668," '此次Nike Kyrie 6推出""太空""主题系列球鞋'",1
1630, '据悉，该鞋款近期释出发售信息',0
2319, 'Nike Kyrie 4 “Halloween”货号：943806-012发售日期：10 月 13 日发售价格：$120 USD 本文来自大风号，仅代表大风号自媒体观点',1
529, '前段时间的Travis Scott x AJ 1(俗称倒钩)发售后被炒到了1.5万的价格，大家为了中签不惜在门店大排长龙，听说还将发售芝加哥元年配色的倒钩AJ1，嘿嘿，这还不得爆炸了吗',1
3867,'全新YEEZY BOOST 700 “Inertia”3月9日发售；Nike Air Fear of God 1全新“Amarillo”黄色十分清爽；SB x AJ 1黑白预测将于4月登场',1
1351, '这双Nike Kobe A.D. Exodus黑绿配色，鞋身整体采用黑灰色调为主线，v，pt-dchp搭配荧光绿和大红色装饰细节，位于鞋舌.上的紫色鞋提彰显出紫金湖人的特殊含义，也提升了整体色彩的丰富度，后跟处彩色的Kobe字样同样显得精致不凡',1
2493, 'OFF WHITE x Air Jordan 1“Canary Yellow”这双鞋首次亮相是在 Virgil Abloh 在芝加哥当代艺术博物馆举办的“Figure Of Speech”个人展览中，同时和它一起的还有多双鞋款，不过这双 OW x AJ1 有消息称会面世，估计在 2019 年末或 2020 年初发售',1
2516,"'Air Jordan 34 PE""诺亚""这款Air Jordan 34 PE受到锡安·威廉姆森（Zion Williamson）弟弟诺亚（Noah）的素描的启发，在每个上部面板上都涂有蓝色，绿色，橙色，紫色，黄色和红色的彩色涂鸦'",1
366, '鞋款将于2月17日在海外地区正式发售，发售价格为$175美元，国内则有可能在本月底正式发售，发售价格为有可能为￥1399RMB，喜欢的朋友可以多加关注我们的后续报道',0
3655, 'Air jordan 1 Mid Black Purple toe small Black Purple开箱即用测试',1
901, '当时，为了维护耐克的利益，乔丹这份和耐克的合同中含有一些隐形条款，如果乔丹新秀赛季表现不佳的话，合同将会终止',0
1943, '陈冠希Clot的独家设计自然就在这新发布的13款球鞋当中，并且首次开始尝试Air Jordan 1，虽然是MID让大家非常意外',1
367, 'NikeZoomKobe1Protro发售日期：2月17日发售价格：$175美元',1
981, '更何况在如今这个年代，已经不是Nike阿迪一定比国产好的年代了',0
4031, '毕竟今年又是一堆AJ1新配色，买是不可能全买的',1
2358," '""而一直和kobe合作的Nike团队没有让他失望，他们设计出一款全新的富有历史使命的鞋子，很有层次感和动感，让有很有欲望穿着它去上""战场""'",1
862," '据悉，这款 Nike Kyrie 7""Bred"" 将于 12 月 15 日正式发售，发售价为 $ 130 美元'",1
3621, '原定于下周发布但延期的球鞋Air Jordan 5 Fire Red，发售日期由3月28日延期至4月25日',1
311," '从初期释出的渲染图中不难看出，鞋身配色构成与18年发售的人气鞋款「Union x Air Jordan 1」颇为相似，而且也有点儿""碰瓷""Dior配色的嫌疑，这一设定自然是引起了玩家的关注'",1
975, 'lbj和kd是詹姆斯以及杜兰特名字的缩写，这只是一个单纯的缩写而已',1
213, '而在柜台上，有一种像Nike LeBron 17熔岩红一样的火辣颜色，而且价格没有变化，这也是耐克的良心所在',1
1485, 'id=1610934103795494896免责声明：慧科和该网页的作者无关，不对其内容负责',0
3313," 'NikeLeBron17LowEP""LightCream""2020-4-30XH55限量发售（新型冠状肺炎疫情期间请大家务必戴口罩到店，注意卫生'",1
103, '此前有消息指出，这双鞋将于本月23日发布，但目前尚不清楚是疫情还是当前运动鞋市场和美国股市等多种因素造成的原因，这双鞋被推迟出售',0
618, '细节满满的诚意，你还不买吗',0
796, '从去年与 Nike 合作的灯芯绒 Air Max 97 整体表现来看，该单品在设计上将更会加出色，不光保留了标志性的颜色搭配，并且 DIY 可玩程度很高，玩家可根据自己喜好来进行变更 Swoosh 装扮，十分有趣',0
1022, '喜欢的小伙伴们完全可以考虑一下这款全新配色',0
1312, '目前，国内 Nike 已经确定这双 LeBron 17 「Courage」将于 6 月 27 日在 PHANTACi 率先发售，随后在 7 月 4 日起登陆 SNKRS APP 及 Nike 指定店铺发售',1
27, '全新 Nike Kyrie 5 “Taco” 细节近赏NikeKyrie系列一直深受实战党喜爱，作为欧文的最新一代签名战靴， Nike Kyrie5“Taco” 未发先热',1
282," '去年11月，一毛一样的套路便早早上演，看上去是一个在天涯一个海角，可网友们火眼金睛，立马认出他俩足蹬的是同款球鞋，那便是说唱巨星Travis Scott和Jordan Brand联名的橄榄绿配色Air Jordan 6.尔后，便是此前那次明目张胆的对仗，PG One踩着Nike Air Max 97，李小璐则上脚Travis Scott x Air Jordan 1这双""倒钩鞋王""'",1
3008, '▲再见，Mr.M▲ Sean Wotherspoon 要打造的下一双联名球鞋竟然是...\u3000\u3000Air Jordan 1 High “Bred Toe”Union LA x Air Jordan 1 HighAir Jordan 1 High “Shattered Backboard Away”Air Force 系Nike Air Force 1 Low “Year of the Rabbit”Air Force 1 Low “Fearless Warrior”Dunk系Nike Dunk Low “Viotech”Stussy x Nike Dunk SB Low “Cherry“Nike Dunk SB High “Pacman”Supreme x Nike Dunk SB LowNike Dunk SB High “Papa Bear”Nike Dunk SB Low “ShangHai”Nike Dunk SB Low “Roller Derby”Futura x Nike Dunk SB LowNike Dunk SB Low “Homer”此次的Nike By You Air Force 1你们玩出了什么新花样么',1
635, '6：匹克休闲CNY款对于匹克而言，休闲跑步领域交给了人气爆表、早已成为街鞋的态极1.0Plu',0
1645, '赛前，这场焦点战最便宜的票价第一度被黄牛炒到2500美元，接近”美国春晚“超级碗的水平，而两队的教练年薪加起来更是达到1100万美元',0
2033, 'Nike的精髓在鞋，Nike鞋子的精髓在于AirMax科技，因此它一定是首选，当然如果你是篮球迷，AirJordon系列绝对是篮球鞋中不可撼动的大山，其中AJ1绝对是经典中的经典',1
1812, '二级市场已经过度膨胀畸形，大家少花冤枉钱，一定在个人能力范围之内，追求心中的热爱，这就是我们存在的意义】今天这款白红蓝配色的NikeAirMonarchtheM2KTekno，无论是透气性还是减震效果都是杠杠的',1
1381," 'Nike Kyrie 7 ""Sisterhood""▼该配色致敬世界各地的女性运动员，并表达对女性篮球员的支持'",1
601, '是的，这双曾经改变匡威，让其确立起在篮球领域霸主地位的经典，102年之后又再次改变了匡威，因为耐克：正如我们所看到的，在被耐克收购之后，匡威虽然依然保持着自主设计的态势，但在专业篮球鞋领域，匡威还是多了一些“耐克元素”——早些时候，中国男篮新星阿不都沙拉木代言、以Converse All Star作为蓝本设计的匡威新款篮球鞋Converse All Star Pro BB，第一次出现了专业的缓震配置，这算是对于此款经典的一个全方位的升级了',0
3743,"'今天早上9:00发现了SNKRS出现了专属发售，而这次进行发售的就是下周登场的AJ1""烟灰""不过看今天大家的分享似乎中专属的朋友并没有以往这么多，不知道多少鞋友已经成功提前入手了'",1
609, '在国外品牌陆续发售新年款的时候，作为“正主”的中国当然不甘示弱',0
3635, '是一双aj1中帮鞋，让人看起来很亮眼',1
463, 'UnionxAJ1的联名鞋款在先前的发售凭着优异的拼接设计方案和极为稀有的货量而被众多鞋迷追捧，最近就会有消息称Union和Jordan将在2020年再度合作产生全新的AJ4联名鞋款',1
2865, '此外，AJ1倒钩涨价最快，涨幅441%，从原价1299元涨至均价7034元',1
962, '大学那会儿确实穷，自己又爱面子，院队打比赛的时候买了一双莆田的LBJ11，结果打比赛当天就伤了',0
2261, '比如，之前已经曝光了Nike.为纪念AirJordan.35周年推出的那么多款aj1的款式',1
1490," '加上今年 Nike 在发售 ""New Beginnings"" 套装前夕亲自告诉大家 AJ1 禁穿其实是一个骗局，真正的禁穿其实是 Air Ship'",1
2137, '7、Nike Air More Uptempo详细介绍：Air More Uptempo最大的特色就在于鞋身上的字母，让整个鞋子显得特别瞩目，属于个性数十足的鞋款，非常值得购买',1
4037," '那为什么NIKE今年或者这两年的注意力会转移到了AJ1 LOW这位""弟中弟""身上呢'",1
1076, '由于采用了编织物，所以将尺寸标签缝在了鞋垫上，通常它被塞在鞋垫下面，它不会打扰您，但是有时它会从鞋垫下面掉出来，我可以感觉到它在我脚边',0
348," '大批青年开心的像在追圣诞老人，大家看这就是现场版""陪跑""'",0
2943, '尽管缺少篮球比赛，勒布朗·詹姆斯令人难忘的#LeBronWatch运动似乎仍在继续',1
1523, 'SPGina系列不仅包括AirJordan1HighOG，还包括一系列服饰',1
2335, '打开APP，查看更多精彩图片城市限定和地区配色每年一直是滋滋乐道的话题，上个月发售的 Air Jordan 1 Mid “Milan”与Air Jordan 1 Low “Paris”均有着居高不下的市场价和关注',1
911, '除了关注安东尼球技之外，相信很多人也注意到了安东尼这次上场穿的是哪款战靴，这款鞋子就是Air Jordan系列最新推出的AJ34',1
551, '在耐克最引以为傲的篮球鞋市场也面临挑战，尽管耐克已经签下了大部分 NBA 球星，但是最近下届 NBA 状元热门候选人 Zion Williamson 因为所穿的 Nike PG2.5 球鞋在比赛中突然爆开而受伤，让耐克备受质疑，当天市值就蒸发了 13 亿美元',1
619, '2：李宁鼠年限定实战篮球鞋中国的新年，怎么能少的了红色呢',0
285," '至于""倒钩""，已是出圈很久'",0
1314, '对于「周杰伦」三个字以及周董所说的设计灵感以及歌词创意只字未提',0
2643, 'AJ和匡威的搭配，是不是觉得有点意想不到呢',1
1952, '之前陈冠希本人就在自己的社交网站上po出自己将这双「白丝带」Air Jordan 1 Mid 与「黑丝带」以鸳鸯混搭的方式穿上了脚，似乎是为网友提供一个新的风向标',1
1126, '今年要是在拿个FMVP，说不定个人款就来了呢',0
252, '在设计上以更加适合冬季的中筒轮廓示人，并采用透气网眼结合优质皮革构成鞋身，同时搭载鞋头部的不规则防水涂层营造前卫视觉感，以呼应Stone Island在机能领域的创新精神',0
673, '就在近日外媒又爆料了一款全新的Air Jordan 1 Zoom 2.0配色，鞋身整体由绿色和黑色为主体色调，搭配上银色的Swoosh，黑色的Air Jordan Logo搭配上黑色的鞋身，使得鞋身的整体性更强，小编目测鞋身黑色部分的材质有些许黑红丝绸的质感，就连Nike 的 Swoosh斗殴使用了颇有质感的银色材质，也许是3m反光Swoosh都是有可能的',1
3899, '很多鞋友会想到另一个问题——aj1不热',1
2574,'鞋老板kafion带大家看看耐克MAX97子弹头货号：AJ1986-006尺码：36 36.5 37.5 38 38.5 39 40 40.5 41 42 42.5 43 44 44.5 45作为Nike最具代表性的鞋款之一,1
2705," '于近日释出的一双白绿与白紫配色的小鸳鸯「Air Jordan 1 Mid SE ""Nike Hoops""」，不妨可以看做为一款略带诚意的细节之作'",1
3559, '当然，乔丹和他的Air Jordan的实力目前还是毋庸置疑的——球鞋日历j23app整理的去年Air Jordan的发售清单显示，2019年从年初到年底，Air Jordan一共有179双新配色',1
1555, 'NBA准状元一脚下去，球鞋对半裂开',0
1284, '即将面世的这双鞋的大多数构造都与该鞋款的原始配色一致，但该款鞋的重磅剪裁选择了与Air Jordan 6 retros相似的亮红色',1
1108, '是的，这款鞋便是Jordan品牌最火爆鞋型之一的AJ1的前身',1
1541, '紫色和浅绿色颇具经典的AJ5紫葡萄配色的风格，搭配轻薄的鞋面，十分适合夏日穿着',1
199, '\u3000\u3000Airjordan11，Aj11的经典女生配色传奇蓝，concord，bred，大魔王，Aj11这款鞋可以说是球鞋，历史上面又一个里程碑式的制作，是一款不可磨灭的经典',1
426,'大荧光绿色Swoosh Logo你爱了么',0
2947," '点缀了红色描边 Swoosh 的黑色鞋帮绑带，大面积签名涂鸦覆盖与仿横向切槽设计的中底，以及红色外底等设计均完美呼应 LeBron 4 ""Graffiti"" '",1
658, '只是看着这套穿搭的时候，小编觉得一般AJ不能满足王一博了，因为他脚上穿着的这双冰淇淋色耐克鞋，看上去很是有个性',1
840, '有人就说那大侄子都有名额了为什么还挨罚款',0
813, '要知道，在卡特的签名鞋当中，也曾有过半掌甚至全掌大面积气柱的设计，但是这样的球鞋缺乏稳定性；而如今，RoadWarrior换成了占地空间更大、缓震效果更好的气垫，显然是解决了当年气柱的软肋',0
2352, '这一款是kobe四代——Nike Zoom Kobe 4 Prelude 首座FMVP',1
2138, '8、Air Jordan 1系列详细介绍：Air Jordan 1的第一代诞生于1985年，直到今日都是品牌非常具有代表性的鞋款，不仅颜值高，上脚的舒适度也很好',1
69, 'Nike Adapt BB “Multi-Color”货号：AO2582-900发售日期：10 月 4 日发售价：$350',1
2908,'随着三、四月的 Air Jordan 11 蓝蛇、粉蛇、白蛇争相发售， NIKE 已经打造出了一个属于自己的 “蛇皮帝国” ',1
1332," '""'",0
2802, '所以，字母哥尚且如此，却还没有发现杜兰特的最新签名鞋Nike KD 13被列入考虑，耐克是不是太偏心了',1
2830, '光是能看出Nike Kyrie S2 Hybrid的设计布局，只能说，你是个合格的欧文密',1
1362,'佳得乐和PG4的联名系列还在继续，近期又有一款全新佳得乐配色亮相',1
15, '之后的dunkb也在继续了联名之路，并致力与不同艺术以及电影展开合作，比如《星球大战》、《辛普森的一家》等等',0
3597," '5.Air More Uptempo ’96 UK QS 皮蓬系列""大AIR""扎染英国限定6.Air More Uptempo OG \'96，皮蓬系列""大AIR"" 白蓝金7.皮蓬大AIR系列""Asia Hoop Pack""红黑白 公牛以大红磨砂皮革为主线，黑色漆皮勾勒的大 AIR 字体带来强烈的视觉冲击，抢眼非凡'",1
1604, '不过之后实物图片更新后让部分鞋友失望了，有人觉得上脚太花也有人觉得配色和AJ1这次选择的皮质不搭，简单来说就是照片比实物好看',1
485, '经典的白红色系装饰鞋身，用黑色点缀Swoosh、鞋带和后跟鞋帮，和AJ1芝加哥如出一辙，颜值极高',1
1296, '欢迎各地实体店',0
3630, '在过去的一年里，Jordan品牌不仅带来了多款air Jordan 1 mid的联合鞋款，还以多种og颜色呈现在中帮鞋款之上',1
913, '安东尼选择AJ34并不令人感到意外，曾经的他与韦德、詹姆斯一样，都是Air Jordan团队的第二代成员，接班了老大哥雷-阿伦、芬利等人',1
1577, '”据腾讯证券报道，投行Needham的分析师里克-帕特尔（RickPatel）认为：“耐克的大多数销售额都来自于生活方式或时尚产品（其中包括乔丹球鞋），我们认为这部分业务不太可能受损，因为其受众并非真正的篮球运动员',0
2226, '不少随之曝光的内幕消息都引起观众们的热烈讨论，而在刚播出的第五集中，乔神本人在一段访问中，再度揭露一个令鞋迷们震撼的惊天秘密，那就是据 Jordan 本人表示，他以前其实最喜欢 adidas，与 Nike 会签约全是因为家人的极力劝阻，相信不少鞋迷看到这边肯定无法相信，因为只差一点，我们现在所熟悉的 Air Jordan 系列可能就不曾存在过，这运动鞋史上最成功的品牌也无法缔造这么多惊人的历史，甚至没有 Michael Jordan 的加入，现在的 Nike 可能也不会是该领域的龙头了',1
1720, '而且鞋面上还带有解构圆孔设计，承袭今年 OFF-WHITE x Air Jordan 5 的招牌设计',1
3279, '不是和AJ款式的联名，入手难度会降低不少呀',1
2876, '\u3000\u3000总的来说耐克这款AF1还是挺不错的，有了它就可以把AJ、匡威什么的丢进柜子里了，这才叫“仙女鞋”啊',1
1196, '更尴尬的是，当初他们连库里的名字都拼写错了，这是库里难以接受的',0
3307," '///03全新Air Jordan 11 ""Clear""via：houseofheat全新Air Jordan 11 ""Clear""曝光了更多发售细节'",1
2717," '▼：AJ13""Three Point Record""PE▼：AJ13 Retro""Lucky Green""『图片来源于网络，如有侵权，请联系后台』'",1
3391, '我要曝光，我在商业大厦那里的耐克专卖店买的一双鞋AJ1的鞋子，质量严重有问题，没怎么穿，现在脱胶，脱皮，过了三包，没办法，还不如地摊货上面的鞋，一千元穿五个月',1
3866, 'KOBE 1 PROTRO单只重量约为458克，这跟目前市售的篮球鞋相比还是比较重的，该款鞋面的皮质结构充满质感，中底的Zoom与碳板保证了球鞋的缓震性能和稳定性，重量上更适合锋线球员一些，zoom调薄了一些，但是整体反馈更明显，上脚不需要磨合，内外场均可以实战，不愧于是球场上王者之战靴',1
1438, '说到中锋，CBA最具影响力当然是易建联、周琦和王哲林了，他们都具备了打NBA的能力',0
973, '从球星地位，球鞋地位的角度来说，这4个系列毫无意义都是载入史册的',0
1087, '我不会真的喜欢史诗，它并没有完全打动我，但是我会很棒',0
1619,"'01YEEZY BOOST 700 MNVN ""BONE""adidas 与 Kanye 联合打造的 YEEZY 系列迎来 YEEZY BOOST 700 MNVN ""BONE""'",0
3912, 'Aj1永远不会停业，只是现在变得不一样了',1
2347, '此外还有一双红蓝鸳鸯的Nike Kyrie 4 「Confetti」 Sample一起曝光',1
373, 'Off-White™ x Nike Air Rubber Dunk 最新联名鞋款预计于 2020 年春季正式登场',0
934, 'AMBUSH X Nike Air Force 1发售日期：2020 年同样在 Nike 2020 Forum 曝光的 AMBUSH X Nike Air Force 1，设计就有点普通了，突出来的钩子会不会扎到人',0
16, '不过在潮流圈日益更替的快速发展中，如今的一提到滑板鞋，更多的还是会想到VANS、Dc等品牌，所以不管NikeSB过去是多么的辉煌，还是没能逃过潮流圈的时代更迭',0
371, '该鞋跑鞋与滑板鞋设计的混血感，同样延续 Virgil Abloh 擅长的异材质设计美学，透过黑色主调衬托有如霓虹光管般的萤光绿色细节，鞋舌以「NIKE OFF」绣字做呈现',0
927, 'Off-White x Nike Air Rubber Dunk发售日期：2020 年Nike 2020 Forum 曝光的 Off-White x Nike Air Rubber Dunk，像是 Nike P6000 + Dunk 的混合体，据悉将释出 3 个配色',0
920, 'TS、VA 的超高输出频率Travis Scott x Nike Air Max 270 React ENG发售日期：2020 年 5 月Air Max 270 React ENG 发售日期再次推迟到 5 月份，据传工厂受疫情影响产能不足，货量不会很大',0
2815,'今年 Jordan Brand 围绕 Air Jordan 1 Mid 鞋型接连玩出骚操作',1
1477, '鞋面采用两种不同的多彩 BattleKnit 编织材质，鞋舌则以豹纹与带有暗纹的红色面料装点，点缀其上的 “2”、“3” 数字细节、皇冠 Logo 以及詹皇签名清晰可见',0
3573, '说白了，AJ是特定时代的产物，诞生于耐克还不是全球顶尖运动品牌的时代',1
1451, '两个人的性格比较内向，都不爱说话，这在品牌的推广上处于天然的劣势，邓肯的情况告诉了我们答案',0
953, '更重要的是，利拉德6的颜值太炸了啊',0
1331," '""""你喜欢 陈冠希，我只爱 麦浚龙'",0
1487, '拿刚刚发售的 AJ1 黑绿与 AJ1 白紫来说，两双鞋和2018年发售的黑绿脚趾黑紫脚趾在配色方案上完全就几乎是一个模子刻出来的',1
1053, '耐克的耐克鞋也有所不同，它在鞋的两侧，并绣在蝇编织物上',0
440, '01——芥末黄满天星侧透Yeezy 350真香',0
3348, '02.Nike LEBRON 18中国限定当然除了以上这些优点，刚刚发售的新鞋，自然会有一些特别的收藏款',1
917, '你们觉得安东尼脚上的这款“AJ34”怎么样呢',1
2630, 'KD13 EP 男子篮球鞋搭载全掌型缓震系统，额外添加前足缓震配置，助力发挥精英水平',1
2217," '而近日，Nike LeBron 7 ""Christmas""复刻版本的实物现身网络，这怕是这个圣诞最引人瞩目的鞋款了'",1
2518," '打开APP，查看更多精彩图片Nike LeBron 17"" Graffiti Fire Red""Nike LeBron 17将采用全新的"" Graffiti Fire Red""配色，以令人垂涎的Nike LeBron 4"" Graffiti""为灵感，特色为充满活力的红色Knitposite鞋面，而经典的涂鸦灵感图形则覆盖了挡泥板'",1
1286, '鞋舌的灰色带子上印有“AIR MAX”标志，黑色的鞋垫上也印有银色的“AIR MAX”标志',0
58, '在最后一段时间敢推出这么优秀的配色的欧文 5，不知道会不会对现在颜值普遍不被看好的欧文 6造成怎样的一个影响呢',0
3140, '与此同时，Air Jordan 1 Low “BHM” WMNS 也随之曝光',1
10, 'SandyBodecker秉持着忠于滑板核心文化的理念，在2002年，以nikedunkb为主打款正式推出，并增加了Zoomair鞋底及厚鞋舌，以便有效的保护板仔的脚腕，大大减少了受伤的机会',0
1261, '这都只是猜测，毕竟一双球鞋决定不了什么',0
2251, '打开网易新闻查看更多精彩图片那么说起Nike或者说说起AirJordan，肯定有一大堆的话要说，甚至像网络上的对话一样，“不能踩我的aj之类的”，“Hi,1
1570, '我们一直都把产品的质量和性能表现放在首位，但这只是一起孤立事件，我们也正在找问题出在哪了',0
269, '而作为品牌的经营方，也应该格外重视产品的质量，不要砸自己的招牌',0
3641, '当然，我们可以称耐克的做法为“割韭菜”，但耐克并没有忘记，aj1og是生命和正确的一代',1
924, 'Off-White x Air Jordan 5 Sail发售日期：2020 年 11 月灰色版本的 Air Jordan 5 之后，Virgil Abloh 又秀出了一双米白色版本，确定会在今年感恩节后以「全家福」尺码进行发售',1
575, '打开APP，查看更多精彩图片来自著名球鞋资讯网站flightclub测评分析我们发现，新1代的Nike KD 13迎来了多达6大升级：其一、鞋头部分，Nike KD 13采用了帆布、热熔材质搭配进行补强，相较于上代，质感和耐用性方面都有了显着提升',1
686," '我：""不会是假的吧'",0
3450," 'Nike PG 4 ""PCG"" EP2020-4-23XH55限量发售（新型冠状肺炎疫情期间请大家务必戴口罩到店，注意卫生'",1
2566,window.iPGC=',1
1500," '除了 AJ1 Low 反转黑红的出现，天价套装 ""New Beginnings"" 里的那一双红白配色 AJ1 也惨遭低帮弟弟""复刻""，算是坐实了 Nike 偷懒的说法'",1
257, '杭州的一位大姐给孙子买了一双耐克的篮球鞋，花了1500元钱，可孩子穿了一个多月，气垫就破了，那么耐克方面又是如何回应此事的呢',0
3596," '4.尼克斯配色曾为皮蓬战靴的 Nike Air More Uptempo 推出了这款配色，这款却与众不同，首次在后跟部位加入刺绣号码 ""33""'",1
3231, '钟福林最后累瘫在床上，这一幕也引起了网友的热议，表示上一期张明扬穿AJ踩泥巴，钟福林比张明扬还厉害，直接穿耐克拖鞋割麦子',1
1498," '近两年来新鲜潮流玩家的涌入和AJ1实在泛滥的假货，使得 AJ1 Low 热门度高了不少，大家对这双前几年被称为""弟弟鞋""的 AJ1 Low 接受度也越来越高'",1
1474,'虽然 Nike 官方并未正式发布 Nike LeBron 16，但全新的 Nike LeBron 16 “What The” 却在今日正式曝光',1
4032, '虽然AJ1从这两年开始已经沦为了鞋友嘴里的调色盘了，但不得不承认的是当下最火的球鞋最能让Nike赚到钱的球鞋中，AJ1一定是其中之一',1
3160, '阿迪耐克在科技方面的研发速度也比彪马快一步，虽说彪马一直走在潮流高端路线上，但却还有对手Yeezy和AJ，两者在国内的受欢迎程度也不容小觑',1
2817, '近日，又有一款全新Bred 配色 Air Jordan 1 Mid实物曝光',1
3254, '近日以该电影为主题，还被詹皇在实战中频繁上脚的LeBron 17 Low在海外发售过后，因为疫情的原因在国内一再推迟，最近才终于在国内开售，同时与其搭配的詹姆斯大灌篮主题球衣也一起开始释出',1
1610, '为什么要关注《snkrmania》',0
803, '05Converse Japan 推出的全新 Chuck 70 RIPLAYER Hi 鞋款，整体采用了简单的白色和黑色装扮呈现，在传统的外观上还增加了可撕裂效果，使得可玩性极高，另外值得一提的是，鞋面覆盖的内衬设计，还会有不同颜色的体现，鞋侧的英文字母点缀，更表明了与众不同的身份特征',0
3508,AJ的复刻版我也都是拿了纯白配色，这款全白色看着超级简单大方，但是面料设计也都很有层次感',1
600, '那话说，Converse All Star如今何去何从了呢',0
1395," '不过近期鞋圈里传出一个新的话题叫做""穷玩AJ富玩DUNK""如果一说你收藏AJ球鞋的，在鞋圈里已经就是个小虾米身份'",1
2509," 'OFF-WHITExConvereChuckTaylorAll-Star货号：161034C发售日期：5月10日而截至目前，2018年""TheTen""系列已经发售的有四款，分别是：OFF-WHITExAirJordan1""White""货号：AQ0818-100发售日期：3月3日(欧洲地区)发售价格：$190美元OFF-WHITExNikeAirVaporMax""Black""货号：AA3831-002发售日期：3月30日发售价格：'",1
1508, '除了对 AJ1 伸出黑手以外，Nike 也把换色方案用到了曾经红极一时的鞋款 Nike Dunk 身上，最近的两双鞋好奇 Nike 到底要怎么玩',1
1558, '据悉，“爆鞋事件”直接导致耐克的股价在美股上周四（21日）收盘时收跌1.05%，市值蒸发了超过13亿美元',0
1403, '于是他们的设计师就开始尝试改造DUNK球鞋，将鞋舌加厚并降低鞋帮',0
789, '话不多说，赶紧买了上脚试试吧',0
884," '的消息，Nike SB将推出全新""Chicago""配色Dunk Low'",0
1662, 'cre=tianyi&mod=finappt&loc=10&r=25&rfunc=27&tj=none&tr=25免责声明：慧科和该网页的作者无关，不对其内容负责',0
2945, '尽管LeBron 17是重针织材料，但挡泥板和皮革衣领却使鞋子脱颖而出，以模仿其灵感',1
1011,"'此前耐克携手 OFF-WHITE 共同推出的AJ联名系列鞋款受到了不少鞋迷们的欢迎和喜爱，近日双方再度合作推出了一款全新联名滑板鞋 OFF-WHITE x Nike Air Rubber Dunk ""Blue""'",1
866, '最近关于Offwhite X Nike的消息还是挺多的，在不少传闻陆续泄露后之前也公布了一个新消息传闻今年还有9双OW联名将会发售，其中大家最关注的一定就是AJ系列了',1
1027, '球迷们纷纷哀悼，众多球星和科比的其他业界朋友也纷纷表达了自己的哀思，但在此时却也传出了一些不和谐的声音',0
3567, 'SO，问题来了，为什么在乔丹之后，耐克没有为科比和詹姆斯创办像AJ这样的子品牌公司呢',1
617, '气质上既有新年的特色，又不失高质感，相信应该会有很多人把它选择作为新年的鞋子，估计访亲走友之时，能成为最靓的仔',0
54, ' 不在或者没有美区snkrs的朋友也不要灰心，这双 Nike Kyrie 5 “SpongeBob”和 “Patrick Star” 的正式发售时间被定在了8月10日',1
2330, '而 LeBron Witness、Kyrie Flytrap 3 这样的支线实战鞋，到手价不超￥500 元，性价比极高',1
992, '当然这种品牌之间的良心竞争可以激发他们创造出更好的产品，最终受益的还是消费者',0
958, '小体重的朋友肯定是ZK4更香一点咯',0
2657, '虽然目前他们进入榜单的还是在和耐克、AJ等大流量品牌的联盟产品，但不得不说，这是个好消息，因为从品牌泛性上而言，鞋迷们会多了更多的选择；在如今的NBA，很多超级球星已经很追捧它们',1
1054, '中底NikeEpicReact2具有比PegauTurbo更宽的中底，因此可以提供更加稳定的乘坐体验',0
895, 'K8IROS的鞋身以编织鞋面为主',0
212, '不过，2019年最新一双Nike LeBron 17已经可以在各个柜台囤货，这似乎给了勒布朗球迷一个向偶像致敬的机会',1
2327, '此外，对于想要追求更具现代设计感的朋友来说，由洛杉矶时尚品牌 John Elliott 联手 Nike 专为勒布朗·詹姆斯打造的 Nike LeBron Icon 系列、坎爷上脚的 Air Max 720 ISPA 还有带有抢眼闪电图案的 React Presto 以及更具机能风格的 AGC 系列鞋款同样值得入手',1
2642, '而且aj和匡威现在都是很多青少年们喜欢的鞋子，这种搭配也是比较罕见的，所以情侣鞋没有必要穿同样的款式，这样穿反而有不少网友觉得潮到爆',1
425, '大家觉得哪个品牌的球鞋更加舒适呢',0
514," '大家都是""莆""通人，在个人能力范围内，满足自己对球鞋文化的热爱，倡导理性消费，这是我存在的意义'",0
1638, '耐克公司表示已经对此事件展开了调查',0
2391, '和篮球更有渊源的产品，如 Air Jordan，Air Force 1，或者 Air Fear of God 系列，就更有共鸣了',1
599, '当然，考虑到85年诞生的高帮、全皮质包裹的“篮球之神”迈克尔·乔丹的初代战靴Air Jordan 1都已经远远不能匹配现代篮球场的需求，再加上曾经统治上个世纪NBA的匡威已经被耐克收购，可想而知，Converse All Star如今已经在篮球场上完全销声匿迹，毕竟没有哪个球员会冒着增加职业生涯伤病的风险，去选择穿一双现在看起来普普通通的帆布鞋上场打球',1
1417, '所以想要作为收藏来说，升值空间更高一些，所以一些鞋头更喜欢dunk，要不说玩的转DUNK的只有有钱人，咱们就看看好了~',0
753," '也就是说那时候的阿迪、耐克根本就不是锐步的""对手""，为什么又沦落到被阿迪收购，如今又惨被抛弃的大败局呢'",0
671, '据悉这双Kyrie 6将马上发售',1
1475, '这也是 “What The” 系列在 Nike LeBron 12 “What The” 之后再次降临 LeBron 正代',1
3533, '货号：AJ1986-006码数：3636.537.53838.5394040.5414242.5434444.545身为Nike最具标志性的鞋型之一，max97问世于一九九七年，AirMax97的鞋底子比AirMax95硬多了，乃至比AirMax90还硬',1
1626, '同时传闻全新版本只仅为配色的延伸',0
3778, '相信大家看了一圈都有了自己心仪的款式，无论是J巴尔文上脚的AJ 还是情人节dunk 设计都足够独特，有心动的款式就快点行动吧',1
2172, '回顾一下：Nike LeBron 8是啥时候诞生的',1
3330, 'Nike正式发布了詹姆斯系列的最新战靴，Nike LEBRON 18',1
216, '另一方面，升级了battlekint的nike lebron 17则为该鞋带来了绝佳的紧致感，完美的脚踝锁定和支撑',1
985, '所以Aj阿迪耐克大货打折价格比国产低，我并不觉得是什么稀奇的现象，反而我会很开心，因为它既证明了我们可以用低廉的价格买到自己心仪的Nike阿迪的球鞋，更是证明了我们的国产品牌越来越强大，越来越出色',1
197, '\u3000\u3000Airjordan1，Aj1肯定是排在首位的理由，当然不言而喻，它是所有系列里面最经典的一款球鞋，它的高帮鞋型也会对女孩子的脚型有一定的要求，可以搭配束脚裤衬托高帮的美感',1
1551, 'ize=640x640,0
2671, '最吸引的就是她穿的这双鞋子了吧，AJ的2个钩算什么',1
1988, 'AJ系列鞋也是当下明星最喜欢联名合作的品牌，而作为品牌的股东兼品牌最大的代言人，乔丹每年从AJ鞋得到的利润就达到了惊人1亿多美元',1
910, '开拓者后场双枪发挥出色，而安东尼在比赛的第二节中，因为膝盖挫伤返回更衣室，看到安东尼受伤之后球迷还是非常担心的',0
2871, '\u3000\u3000说到耐克“樱花粉”的鞋子，相信大家都听过或者是见过，条件好一点的小伙伴都已经穿脚上了，耐克的樱花粉实际上有好几种款式，除了大家知道的AJ和SB的樱花粉之外，AF1的空军一号系列其实也有樱花粉，而且款式也是最新颖的',1
1444, '球迷们为此感到特别地不解，都是为耐克代言，为什么郭艾伦和易建联相差了4倍',0
3716, Air Jordan,1
246, '同时保留了后跟上的「V」字Logo彰显身份，更在鞋帮位置加入了呼应品牌理念的「Every Living Creature Dies Alone」的刺绣，与此同时也是向纽约Harlem区的篮球文化传统致敬',0
1602, '那为何称它是一双有魔性的AJ1',1
1205," ""fromId=1966554845822976&docId=33~3334464014680064&newsId=33~3334463855181824&comment=1&esi=33&related=1&appId=NEWS01' target='_blank'>https://i.lsttapp.com/content/3334463855181824.html""",0
3377, '中底Cushlon泡棉以舒适的脚感，形态的多变，保证 Nike Adapt BB 的独特实战性能',1
45, '但随着这个赛季的结束，前一段时间欧文 6的谍照也是被逐渐的曝光出来，这也意味着留给欧文 5的时间不多了',0
245, '今年迎来的市售版本在设计上延续了Vlone惯用的黑橙，黑色鞋身搭配橙色细节的勾勒营造出极为强烈的视觉冲击',0
799, '辞旧迎新，时值 Air Jordan 1 诞生 35 周年纪念，结合曝光不久的新品来看，2020 年或将会打破新高，带给我们意想不到的惊喜，就让我们大家一起拭目以待吧',1
3783, '因为漫威的全球人气一直在不断飙升，不少品牌都选择与漫威宇宙进行合作推出联名，相信很多鞋友也希望在NIKE这看到这样的合作，而最近有一双AJ1就和漫威有些关联',1
1097, '///03CONVERSE全新《史努比狗》系列◄ 滑动查看更多图片，via：sothebys近日，CONVERSE带来了全新《史努比狗》系列',0
556, '这也有利于耐克在与阿迪达斯在中高端运动鞋市场的激烈竞争中，开辟出一条新的道路',0
1086, '好吧，称它们为史诗显然是理所当然的',0
4141," '近日，有一款全新配色的Nike KD13 EP ""Chill""上架国内 SNKRS APP，表现不俗，大家一起来欣赏下'",1
555, '▲红米 Note 7虽然耐克没有公布这些售价 100 美元以下的新系列产品的细节，但未来有可能发展出类似红米和荣耀的子品牌，让 Air Max 或 Air Jordan 这些经典系列继续专注高端市场，由一个高性价比的新系列来专攻中低端市场',1
2800," '因为就购买方式而言，在此之前，也只有湖人的2位当家球星科比和詹姆斯的签名鞋有过这样的待遇：科比的1双暗黑小丑Nike Kobe 5 Protro曾被作为2K游戏的奖品，被要求必须在游戏当中得分超越科比的圣诞大战最高分42分并赢下比赛才能购买；而詹姆斯这边，1双Nike LeBron 17 ""Bron 2K"" 也曾同样被作为奖品，而要求则是玩2K游戏，将角色评分升到98分，超越詹姆斯的97分，才能解锁购买资格；在字母哥获得这样的待遇之后，真有点心疼现在的篮网当家球星凯文·杜兰特'",1
5," 'Nike Shox BB4""Raptors""￥1299现已上架近期热点打造全新的足底体验和感受 NIKE AIR ZOOM TYPE 发售通知Air Jordan 1 High Zoom ""Rage Green"" 发售通知访问 Unik 线上商店小程序随时随地畅爽购物Unik 店铺列表JUEBANKONGJIAN.COM买鞋扫我买鞋扫我客服01：unik2003（人满勿加）客服02：unik0909（添加或扫码）'",1
1394,'如今收藏球鞋的人越来越多，甚至不仅只有男士收藏球鞋，一些女生也开始了球鞋收藏的道路，甚至收藏量不比男士少',0
1230, '（From球鞋巴士，如有问题请联系）更多潮流资讯请关注小编哦',0
498, '这次联合Air Jordan以34代为基础打造了这款特别版本，在鞋舌部分的背景以日本象征的樱花味点缀，且加入了数字八',1
745, '在这一前提之下，有消息称阿迪达斯正在研究出售锐步',0
2482,'Virgil Abloh 一位时尚潮流顶尖人物，2017 年他所带来的“THE TEN”系列引起了潮流玩家的疯狂追捧，鞋市一度陷入瘫痪，其中人气最高的便是 Off White x AJ1 “芝加哥”，二手市场至今还有高于一台车的价格（36码=75899，数据来源 DU），后来者只有 OW x AJ1 “欧洲限定”还能与之匹敌，其他鞋款遥不可及',1
2645, '因为在小编看来，男孩子穿aj比较好看，而女孩子则比较适合穿匡威，所以这样穿绝对是神仙搭配了，比那种千篇一律的情侣鞋要nice很多，大家们是不是也get到了这种穿法呢',1
637, '因为太“红”啦',0
1103," '///05Nike Zoom Spiridon Cage 2图片版权归原作者所有近日，Nike推出薄荷绿色为主调配色的Zoom Spiridon Cage 2""Barely Volt""，鞋面保留蜂窝状网眼和皮革设计，透气性能极佳'",0
1285, '该款鞋以黑色为主基调，鞋身辅以大红色进行点缀，形成鲜明的对比效果',0
427, '打开APP，查看更多精彩图片近几天相继有重磅Nike SB Dunk鞋款将在2020年发售的信息爆出，似乎Air Jordan的风潮即将过去',1
3625,'随着aj1的逐渐普及，aj1 mid的普及也受到了推动',1
3712,"'Nike zoom Kobe 5""Lakers Home""配色以黄、白两色为主色调，金、紫为点缀，整体色彩鲜艳醒目，彰显了科比对于连续两次总冠军、连续两次总决赛MVP、赛季6次经典绝杀的骄傲与自豪'",1
1391, '号称金银子弹头的它，最初以高速行驶的新干线列车为灵感，将流线型的设计风格融入于鞋款之中，流动的线条感呼之欲出；而它在造型方面也完美继承和致敬了Airmax95，誓将夸张、独特的造型发扬光大，欲打破多年来的传统造型',0
1589, 'Nike Kyrie 6发售日期：2020发售价格：$ 130 USDpic via：wavegod_thelegend我觉得这颜值还有救',1
921, 'Travis Scott x Air Jordan 5（效果图）发售日期：2020 年今年 Air Jordan 5 三十周年，传闻 Travis Scott 要推出联名款，但暂时没有更多消息',1
1760," '首先是湖人当家球星之一的勒布朗·詹姆斯的Nike LeBron 17 ""Bron 2K""；随后，已故湖人巨星科比·布莱恩特的经典战靴Nike Kobe 5也迎来了Protro版本的2K暗黑小丑配色；然后，雄鹿当家球星""字母哥""扬尼斯·阿德托昆博的初代战靴Nike Freak 1 ""All Bros 4""紧随其后；这期间，快船当家球星之一的保罗·乔治的最新战靴Nike PG 4也有2双佳得乐配色作为游戏的奖品参与其中；还有本赛季赛季报销的篮网当家球星之一的凯文·杜兰特，他也迎来了自己的最新战靴Nike KD 13，并联名2K；到此为止，耐克旗下的几乎所有签名鞋代言人的签名鞋都参与了联名；但让人没有想到的是，耐克和2K的联名还没有结束——就在不久前，一双金色的Nike Adapt BB 2.0出现在了游戏的联名当中，堪称压轴登场'",1
1164, '难受归难受，在外网这双冰激凌 Dunk 的热度也确实突破天际，各种相关的段子图开箱图上脚图层出不穷',0
2042," '无论是球星定制鞋还是市面流行的AJ，都是出自耐克之手，去年的炒鞋大潮，耐克也让不少鞋商大赚了一笔的，当然耐克因""最贵运动鞋""而让人熟知'",1
3383, 'Nike Adapt BB货号：AO2582-001发售日期：2019年2月17日发售价格：$ 350 USD',1
1762, '如今，作为2K联名的大戏压轴登场，再次彰显了Nike Adapt BB系列球鞋在耐克球鞋史上的地位，正如哈特菲尔德自己所说——这才是耐克的未来啊',1
879, Supreme等新品上市时间，不会让你放过2. 未来准备给关注我们公众号的朋友们，按市场价能参加抽彩出售的机会3. Supreme,0
768,'凯里·欧文全新签名鞋Nike Kyrie 6 最近又有一款极具看点的新配色曝光',1
3244, Air Jordan,1
2345,'Nike Kyrie 2 「What The」 Sample曝光，除了延续了市售版本的统一配色，不过选用了更加张扬的橙色，魔术贴的图案则使用了球员版的图案，在后跟处也增加了魔术贴设计――「What The Kyrie ',1
675," '鞋身侧边的""Zoom""标志象征了这对双鞋搭配了Zoom缓震科技，蓝色的水晶外底可以看得出有蓝红渐变色设计构思'",0
3109, '”民间流传着一句话，真正穿AJ的都是不爱打球的',1
3189, '相信许多人第一直觉都是Dior Men x Air Jordan 1吧',1
1352, '认真看，记得找到我呀~',0
3796, '\u3000\u3000近期海外媒体公布了一双全新的AJ1 MID设计，由白色和绿色构成鞋面，在SWOOSH和后跟处则使用了紫色，让不少鞋友联想到了绿巨人浩克',1
289, '泄露的发售计划中，人气较高那就要数 AJ 1 与 AJ 5 的联名，其中 OW x AJ1 的全新柠檬黄配色已经确定从样品变更为市售款式了，令不少粉丝朋友兴奋不已',1
1081, '暴露的React泡沫在穿这双鞋约50英里后确实开始有点磨损，但是橡胶看起来仍然不错，所以当我在这些鞋子上穿多英里时，我认为这不会成为问题',0
1191, '现在看来，如果当年耐克签下姚明，很可能会在一段时间内统治中国市场，但这大好的机会被他们亲手放弃了',0
1237, '打开网易新闻查看更多图片按照道理来说，无论是人气还是实力，易建联都是碾压郭艾伦的存在，理应拿到更多的合同',0
1946, '潮牌CLOT的创始人陈冠希在尼龙鞋面的基础之上，将这双Air Jordan I 融入了他个人的艺术想法',1
801, '该单品从外观装扮来看，整体采用了青灰色调呈现，鞋领再以浅绿色勾勒点缀，配合中底互相呼应，从而使得颜值十分在线',0
189,'你买不到的AirJordan4曾被誉为MichaelJordan接班人的哈达威近日以孟菲斯大学的蓝色为灵感去客制了一双AirJordan4xLouiVuittonxSupreme客制款的鞋身采用了LVMonogramxSupreme鞋后跟则是LV的白色浮雕与鞋身相似的蓝色高端皮革鞋带贯穿了白色的AJ6鞋带扣以及银色的鞋带头和鞋带孔鞋舌采用了磁铁设计还可以贴上白色的鞋舌透明的鞋盒亦是印满了LVMonogramxSupreme此次的客制单位是FeelgoodThread想必是他们之前释出的黑色版本成功吸引了哈达威也有网友想求购一双不过却是被狠心拒绝除了孟虎蓝同样是蓝色色系的北卡也是出了新的AJ4整鞋都采用了北卡蓝配色加以泼墨细节点缀麂皮鞋身搭配水晶底鞋舌亦是印上了NorthCarolinaTarHeel的Logo看完蓝色的AJ4我们接着再来看春意盎然的绿色Ted的好朋友MarkWahlberg先前在自家的活动上就脚踩一双青绿色的AirJordan4鞋子的灵感应该来自于Wahlburger这硕大的鞋舌Logo应该帮他省下了一笔广告费与其一起被po出实物照的还有一双镭射圣诞绿配色反光质感的镭射绿鞋面印上了金色的花纹丝毫不输给Wahlberg啊那么问题来了你觉得你能买到哪双',1
586, '大概是杜兰特过去1年总决赛的跟腱撕裂让耐克在制作Nike KD 13的时候也心有余悸了吧',1
3132, '鞋码:40 40.5 41 42 42.5 43 44 45今年 Kobe 系列球鞋的回归，可以说诚意十足，不仅为我们带来经典的 OG 配色，也相继推出 UNDEFEATED 联名等格外热门的配色',1
2659, '往日排名上，耐克总是凭借各种特色鞋款、经典，霸占几乎整个榜单，阿迪少有余地，更别提其他品牌；但这次，也是第1次，阿迪终于战胜了耐克乃至其子品牌、乔丹创立的AJ',1
1282, 'Nike LeBron 17 Low “黑红”配色这双Nike LeBron 17 Low “黑红”配色将在3月15日发售，你觉得这双鞋的颜值如何呢',1
577," '同时，Nike KD 13采用了和快船当家球星之一保罗·乔治的最新签名鞋Nike PG 4上一样的环状 ""吸盘"" 纹理设计，耐用性更佳'",1
350, '当天，只见一排装甲车在芝加哥街头飞驰而过，正当大家伙以为是否是一次军事演练时，原来正是运载着满满 YEEZY QNTM 鞋款的“装备车”',0
409, '】Nike REACT Hyperdunk 2017，重影 GHOSTING主题，Off-White联名篮球鞋采用了该系列鞋款一贯的设计风格，几乎纯红的鞋款上点缀了黑色和橙色，以此构成配色主题',1
1100, '目前，该系列鞋款已正式上架CONVERSE官网',0
3865,'科比一代篮球鞋：Zoom Kobe 1 NBA2005-06赛季，科比拥有了NIKE第一双真正意义上的签名鞋，这双鞋见证了他单场81分的奇迹，也使他当赛季得到35.4分第一次尝到得分王的甜头',1
571, '简洁配色呈现利落外观，可出色搭配多种装备',0
1777," '而这一切也从本周发售一览开始吧~TUES14adidas ZX 2K 4DWED15Jordan Delta Breathe ""Tech White""Nike Zoom Vomero SE ""Bright Crimson""THUR16Air Jordan 11 Low IE ""Black Cement""Nike Space Hippie 01Nike Space Hippie 02Nike Space Hippie 03ROKIT x Converse Pro Leather OxFRI17Nike ISPA Road WarriorSAT18adidas Yeezy Boost 350 V2 ""Zyon""本文图片来源：@adidas、@Nike、@hanzuying@SBD、@Kicksonfire@SNS、@sneakernews请问现在 VaporMax 过时了吗'",1
1505," 'Dior x AJ1从同样是珍稀限定身份的 AJ1 Low ""Paris""；到配色方案和 Dior x AJ1 有八成相似的""小 Dior""；再到呼之欲出的同色调灰色 AJ1 Mid ""Light Smoke Grey""；依旧采用灰色为主打配色的 AJ1 ""Light Smoke Grey""；最后还有这几天新曝光的 AJ1 ""Japan Gray"" 同样以低饱和度的灰色呈现，乍一看和 Dior x AJ1 同样有那几分相似'",1
255,'导读：很多人买东西时追求品牌，尤其是鞋子，因为品牌的鞋子不但设计非常好，而且穿在脚上也特别舒适',0
2396, '大火特火的爆款，如果做得好，我也会喜欢，比如近期的 Off-white Air Jordan 4',1
202, '传奇蓝配色是非常适合小仙女的，随便一搭都能够穿出阳光美少女的感觉',0
3006, 'Jordan Brand 系（图片中配色灵感取自下方所对应的鞋名）打开APP，查看更多精彩图片Air Jordan 1 High x DiorAir Jordan 1 High “Bred Toe”Union LA x Air Jordan 1 HighAir Jordan 1 High “Shattered Backboard Away”Air Force 系Nike Air Force 1 Low “Year of the Rabbit”Air Force 1 Low “Fearless Warrior”Dunk系Nike Dunk Low “Viotech”Stussy x Nike Dunk SB Low “Cherry“Nike Dunk SB High “Pacman”Supreme x Nike Dunk SB LowNike Dunk SB High “Papa Bear”Nike Dunk SB Low “ShangHai”Nike Dunk SB Low “Roller Derby”Futura x Nike Dunk SB LowNike Dunk SB Low “Homer”此次的Nike By You Air Force 1你们玩出了什么新花样么',1
3440, '篮球鞋大叔首选Nike的搭载react的球鞋，比如HD2017休闲穿搭这方面大叔首选AJ，经典，好看',1
4042, '去年的AJ1 MID成为了马尼亚在街上看到最多的球鞋之一（每天出门都能看到一双扣碎MID）那今年的夏天AJ1 LOW会不会成为下一双街鞋，如今的你将会依然坚持高帮还是准备尝试一下低帮',1
570, '皮革与合成材质组合鞋面搭配翻毛皮装饰和复古 Swoosh，加垫鞋口塑就舒适脚感',0
1117, '球星同款、明星潮鞋通通有',0
3014," 'Nike KD 12 EP ""Blue Gaze""2020-6-7发售价格：1299元'",1
1660, '相比之下，耐克竞争对手UnderArmour（NYSE：UAA）的市值为96亿美元，其股价在过去一年时间里累计上涨了25%，自今年年初以来则上涨了21%',0
2704," '3Air Jordan 1 Mid SE ""Nike Hoops""发售日期：2020年4月30日发售价格：＄125 美元▼：CW5853-100Mid鞋款在用""碰瓷""经典配色与亲民的价格打开玩家们略带嫌弃的心扉后，也开始在设计与配色新意上着重发力，似乎很努力的想要摆脱调色之嫌'",1
192,'\u3000\u3000Airjordan，对于每一个男孩子来说，这都是一份梦寐以求的礼物，就算没钱过日子，也想要去买一双喜欢的AJ球鞋',1
178, '跑鞋的制作中大胆融入了 NANAMICA 招牌式的 GORE-TEX',0
3308," 'Air Jordan 11之所以被称为""Clear""，因为鞋底配色为半透明颜色'",1
1663,'NikeAdida男生有哪些经典款值得入手',0
3426, '日前，Air Jordan 6 WMNS「Smoke Grey」配色释出了一组最新实物图，采用黑白灰三色组合呈现，鞋面选用绒面革搭配透明TPU材质，营造出别样的质感',1
2948, '此外，这款 LeBron 17 的轮廓造型也很大程度上与 LeBron 4 匹配，设计诚意不言而喻',1
3848," 'Air Jordan 3 ""Animal""保罗抢先上脚秀鞋，作为不热卖的 AJ3 溢价肯定不会太多，而且“动物园”配色十分骚气，为秋冬季节搭配增添了新想法'",1
2476, '而OW X AJ5的第三双也在今天出现了实物图片，和之前泄露的模糊图片以及设计图基本一致，灰色鞋面绿色锯齿纹外加相同的氧化底',1
804, '据悉，Converse All-Star RIPLAYER Hi 目前已于日本官网上架发售，价格为 8250 日元，喜欢的朋友可自行前往购买',0
1635, '一天蒸发13亿美元',0
2174, '来到全年热情似火的迈阿密，自然，这双Nike LeBron 8 V.0就不被需要了；关于Nike LeBron 8，很多人无疑更熟悉的经典是南海岸配色，正和这双Nike LeBron 8 V.0相对',1
2452,\u3000\u3000湖人当家球星之一的勒布朗·詹姆斯，他的签名鞋Nike Lebron系列堪称是如今耐克的最强战靴，因为无论是定价、颜值、配置，Nike Lebron系列在5大签名鞋系列当中都是顶级的；那在老詹之前，耐克最强战靴属于谁呢',1
1595, '不过在SNKRS日区发售完毕后，这双AJ5再次延后了，原本预计的4月25日发售目前已经调整至5月2日，又要多等一个月时间',1
179, ' 防水科技面料，糅合实用舒适的性能与精细考究的设计，重新定义了一种 citypop 的风格',0
1608, '以上就是马尼亚为大家带来了的JORDAN夏季系列发售消息了，还有一双AJ7 Hare 2.0将在下周发售目前海外已经公布信息了',1
4035, '19年的AJ1 LOW有两个转折点，第一个是NIKE开始将各种AJ1 OG的经典配色运用到LOW上，什么黑脚趾、扣碎、凯尔特人等等，这些在高帮上经典又限量的设计让很多鞋友想买又买不到或者买不起，但却在LOW上能实现这一愿望，性价比上不言而喻，而今年AJ1 LOW也在开始推出属于自己的配色设计',1
1603, '从概念图刚公布起这双AJ1就因其独特的扎染效果吸引了不少鞋友的关注',1
1145, '这操作让明星们开心，耐克也开心，粉丝们看到自家爱豆的新宠，双眼也同样放出了光芒',0
3785, '不过这只是一双AJ1系列的新配色也许有借鉴，但目前与漫威没有关系纯粹靠鞋友们的脑补，如果这双配色得到了鞋友们的认可相信NIKE在未来还会出更多类似超级英雄的配色来迎合鞋友的需求，未来也许我们能看到各种漫威DC宇宙的设计',1
1360, '耐克将在科比生日（8月23日）那天发售Kobe 5 Protro系列，售价为200美元，8月24日和29日则发售同系列的另两款，售价都是180美元',1
3960,'JordanBrand于上月末发布致敬「滑板文化」的全新AirJordan1系列，其中与Nike自家分支NikeSB联手制作的两款AirJordan1最受鞋迷关注，隐藏的「刮刮乐」属性像极了2014年LanceMountain的联名AJ1',1
1665, 'NIKE的AJ1系列可谓是经典加传奇的结合，作为AJ系列的开山之作，乔丹的第一双战靴，AJ1这款鞋无论是从性能还是外观都是不二选择，并且该鞋已经不单单代表的是一双鞋，还有飞人精神和情怀',1
4075," '从此耐克也成为了联盟几大赞助商之一，乔丹甚至把自己的名字，变成了耐克的一个子品牌""AJ""'",1
3892, '虽然aj1的新颜色还没有发布，但它在中国鞋界引起了很大的关注',1
1443, '作为第一个与耐克旗下独立运营的高端AJ品牌签约的中国球员，郭艾伦的代言费是300万美元，达到了2000万人民币',1
1131, '说不定穿多了，清野速度都快了，Gank跑图都能飞了，曾经的野区霸主又回来了',0
1170, '推荐在虎扑识货上购买，一般的球鞋无论收藏还是自己穿都可以在虎扑上找到自己喜爱的球鞋，并且虎扑识货都有认证，可以保证球鞋品质，会有热心网友对球鞋进行鉴定，是一个很不错的平台，不止是AJ1，很多球鞋都可以在虎扑识货上买到',1
1251," ""spss=newsapp&spsw=1' target='_blank'>https://c.m.163.com/news/a/FJVSGIU20549LATK.html""",0
716, '每天埋头苦干，一个月能攒下不少钱',0
2504,"'1/ 5Nike LeBron 18 ""Bred""发售日期：2020 年底发售价格：￥1599 RMB2/ 5Nike LeBron 18 ""Bred""发售日期：2020 年底发售价格：￥1599 RMB3/ 5Nike LeBron 18 ""Bred""发售日期：2020 年底发售价格：￥1599 RMB4/ 5Nike LeBron 18 ""Bred""发售日期：2020 年底发售价格：￥1599 RMB5/ 5Nike LeBron 18 ""Bred""发售日期：2020 年底发售价格：￥1599 RMB'",1
576, '其二、鞋底设计和材质上，新1代Nike KD 13采用了SDR橡胶外底，实战性能更强',1
1565, '此外，这场备受瞩目的焦点之战也是一场全美直播的赛事，包括美国前总统奥巴马在内的知名人士前往现场观看',0
991, '这波di可以说是火药味十足，典哥表示搬好板凳吃瓜看戏',0
1004, '按照习俗这款鞋基本上扑街了，如果这样的鞋耐克都能炒起来的话那么中国鞋市真的没救了',0
3240, '由于鞋底加入了可回收材质，所以中底及外底都呈现出斑驳多彩的视觉效果，虽然细节上独具特色，还是一双环保理念球鞋，但颜值相比 Air Jordan 1 High Zoom 小迪奥配色相比差了太多',1
3046, '因为詹姆斯与乔丹的身份在本质有些不同，詹姆斯是Nike最大品牌的代言人，而乔丹却是AJ的股东，换句话说一个是老板，一个是球员，两人根本没有可比性',1
655, '97年出生的王一博有着高冷的外形，但性格却是比较幽默的，对鞋有着很强热爱之情的他，大多数的时候都是穿着时尚感十足的鞋子亮相，而身上搭配的服饰，也是充满了时尚感',0
2781, '设计师们将不同灵感与Nike经典运动鞋相结合，采用了皮革，绒面革和天鹅绒等材质，最终将推向市场的The1Reimagined产品共有10款，包括AF1ExplorerXX，AJ1ExplorerXX，AF1LoverXX，AJ1LoverXX，AF1SageXX，AJ1SageXX，AF1RebelXX，AJ1RebelXX，AF1JeterXX，AJ1JeterXX，零售价格从120美元至160美元不等',1
95, '打开APP，查看更多精彩图片去年公布的aj11季后赛19年复刻版后，11系列长期没有更新',1
221, 'Nike LeBron 7「All-Star」￥1399即将上架近期热点UNIK 线上小程序秒杀折扣活动，秒下单',1
3507, 'AJ1,1
1017, '相较于 Nike Dunk SB 鞋款，这款全新配色的属性得到了较好的提升，并且细节刻画也很到位',0
3843, 'SNS x Air Jordan 1 Mid有能力的小伙伴冲就完了',1
3631, '近日，一款全新颜色的air jordan 1 mid搭配芝加哥黑脚趾首次曝光',1
1504," '除了这两双高低帮共享配色以外，早已预订年度鞋王的 Dior x AJ1 也惨遭 Nike 调色盘一般无差别""抄袭""'",1
544, '▲乔丹脚下的 Air Jordan I. 图片来自：XXL不过这种情况很快会发生变化，耐克 CEO Mark Parker 在昨天的财报会议上表示，在下一个财年将会推出更多价格在 100 美元以下的新系列运动鞋，以吸引更多消费者',1
393,"'欧文的最新签名鞋Nike Kyrie 6，从外观上我们就能看得出，它有耐克旗下经典战靴Nike Air Yeezy 2的影子，毕竟这是欧文最喜欢的场外装备之一；Nike Air Yeezy 2，是现在阿迪达斯旗下的子品牌Yeezy主理人""侃爷""在和耐克合作时期的经典产品，而随着侃爷在2013年改投阿迪，Nike Air Yeezy 2也成了""文物""；说Nike Air Yeezy 2是""文物""的原因在于，其复刻价值真的很大，因为从市场供需上我们就能看得出来——除了欧文外，几乎只有鞋王塔克、侃爷妻子卡戴珊等少数侃爷身边人/顶级球鞋收藏家能够拿得出，普通人只能过过眼瘾；但多年来，耐克就是没有复刻Nike Air Yeezy 2'",1
1315, '其实，若是在上文没有提及 PHANTACi 是周董和好友 Ric 打造的潮牌，想必有很大一部分并不知道 PHANTACi的存在',0
391, '有关联乘鞋款近日便出现实物上脚，让大家可以先睹为快着用效果，据悉即将在夏季推出',0
3771, '发光发热款的AJ6就一定要提到这款Scott x Air Jordan 6联名球鞋，其火热程度有目共睹，并且由于 Scott上脚，成功带货，使这款球鞋火爆',1
3935, '此外，鞋款延用TrunnerNXT上搭载的FlightFin科技以及后跟鳍式设计，一片式网眼鞋面设计贴合脚面，增添鞋款舒适性',1
1141, '但在上月月底发售前，鞋款人气一飞冲天，不管是预售价还是发售后的市场价都让人看不懂',0
1432, '在本土球员中，有许多球员都签约了运动鞋品牌，比如耐克、彪马和匡威等等',0
365, '与原本的ZoomKobe1相比，这双全新的Kobe1Protro以更加出色的性能复刻回归，不仅会减轻整体重量，同时还加大了ZoomAir缓震的体积，由前后掌分离的ZoomAir改为全掌缓震，更加注重提升了这双经典篮球鞋的实战性能',1
370,'Off-White™ x Nike Air Rubber Dunk最新联名鞋款高清图辑率先曝光01知名情报帐号 @hanzuying 曝光 Off-White™ 联名鞋款真身 Air Rubber Dunk 全新高清图辑',0
1661," ""cre=tianyi&mod=finappt&loc=10&r=25&rfunc=27&tj=none&tr=25' target='_blank'>http://finance.sina.com.cn/chanjing/gsnews/2019-02-25/doc-ihrfqzka8992885.shtml""",0
94,'1、 Aj11黑红将在四月发布',1
967, '如果你是为了出街买双莆田的AJ、yeezy，满足一下自己的虚荣心，我觉得没啥，至少对自己无害，甚至颜值外观脚感无差',1
442, '不愧是这两年炒的最火的鞋子，热度和发售量可是 AJ都望尘莫及的，更何况Yeezy创始人侃爷想让每个人能够穿上Yeezy，总得一步步来吧',1
0,"'LeBron 系列再度致敬 Nike 旗下经典鞋款我们可以经常看到 Nike 在近年的 LeBron 系列中加入了一些其他经典鞋款的影子，即所谓的""自己致敬自己""，比如 LeBron 15 的 Watch 系列，而此番继 LeBron 17 ""Uptemp"" 后，又一双全新的 Nike LeBron 17 ""Command Force"" 实物首度曝光'",1
196, '今天小编就给各位小仙女们推荐几款适合女孩子穿的aj',1
963, '后来那双鞋穿漏了，发现鞋垫就是3层纸板，毫无保护',0
3375, '昨晚，这款具有划时代意义的全新可自动系带篮球鞋 Nike Adapt BB 正式亮相了',1
972, '我来解释一下为何这几个词不一样',0
971, '我们这位朋友觉得zk＝aj＝lbj＝kd',1
128, '\u3000\u3000在tmac sauce下面的一系列小字体中，列出了Step back(后撤步)、Fade away (后仰跳投)等篮球术语的含义，可以称之为真正的步行篮球鞋',0
627, '前掌位置的红色安踏Logo更是点睛之笔，层次感非常丰富',0
2674, '这双耐克的鞋子跟AJ的鞋子不一样，AJ只有两个钩，但是这双鞋子全加起来就有8个了，双钩设计的鞋子看着真的是太帅了吧，而且这双鞋子搭配她的这一身穿搭也是很好看的呢，颜色很是抢眼呢',1
2145," ""耐克Kobe 4 Protro 'Wizenar发布日期：2019年12月6日型号：CV3469-001价格：180美元""",1
3065, '此后它逐渐被沿用到AJ的各种商品上，正式与耐克的“对勾”区别开来，AJ每年的销售额高达数十亿美元',1
236, 'UNDEFEATED x Nike Air Max 97由洛杉矶街头名所UNDEFEATED与Nike全新联手炮制的Air Max 97共计有2个版本，以意大利情结汲取灵感，特色是将带有「UNDEFEATED」字样的红、绿线条环绕于鞋面之上，为其经典鞋型注入了更是时尚的元素',0
484," '最后我们来聊聊这双Nike自身和自身联名的DunkSBLow""芝加哥""配色，这一款专属于AJ1的配色初次移植到DunkSB上的操作算得上Nike在近两年百试不爽的操作'",1
1377," 'Nike Kyrie 7 ""Icons of Sport""▼灵感来源于球场上激励过欧文的英雄与导师，采用红色、紫色、金色和蓝色等抢眼的色调点缀，鞋后跟处的图案代表了欧文在 2016 年 NBA 总决赛中历史性的关键一击'",1
811, '最近耐克还曝光了1双ISPA新鞋型RoadWarrior，配置上，RoadWarrior前掌为NikeAlphaflyNext%同款的左右两块Zoom气垫，中足还有双层叠放的两块Zoom气垫，累计8块气垫',0
1085, '结论在NikeEpicReactFlyknit2中跑步时，是否会想到史诗一词',0
1021, '同时滑板性能也很优越，绝对的值得入手',0
1582," ""cre=tianyi&mod=finappt&loc=5&r=25&rfunc=27&tj=none&tr=25' target='_blank'>http://finance.sina.com.cn/chanjing/gsnews/2019-02-25/doc-ihrfqzka8992885.shtml""",0
2610,'# 01「Nike Kobe 5 Protro 最新配色「Lakers」上架时间公布」早在NBA 2020 全明星赛周由 AnthonyDavis 率先曝光的 NikeZoom Kobe 5 Protro「Lakers」配色，注入了经典紫金配色并在鞋面上佐以大量黑色调来营造内敛感，搭配鞋舌 Kobe Bryant 个人徽标与鞋跟处的手写签名字样，鞋垫附有象征 Los Angeles 的棕梠树和紫金主题印花图样，并搭载双层 Zoom Air 气垫与冰蓝橡胶外底增添舒适度及耐用度',1
531, '除了耐克，拥有YEEZY(椰子)阿迪达斯，那也是翘楚，YEEZY 350全球卖爆，各种明星疯狂带货，虽然jio感上可能不一定会舒服到哪里，但是阿迪的boost技术还是为鞋子提供了相对不错的缓震效果，作为出街鞋，靓就完事了，谁还在乎所谓的脚感呢',0
1372, '配置方面前掌 Air Zoom Turbo 气垫的缓震科技，具有良好的回弹性',0
1646, '耐克被网友疯狂吐槽引爆这场连锁反应的这双PG2.5篮球鞋，是NBA球星保罗·乔治的一款签名鞋，于2018年夏季推出，在耐克的网站上售价95美元至105美元，属于耐克众多系列签名鞋中的一款，并非普通的耐克球鞋，这加剧了人们对耐克球鞋质量的质疑',1
1467, '截止至目前，运动鞋公开拍卖纪录的保持者是2017年由加州体育纪念品公司SCP拍卖的Convere（匡威）篮球鞋',0
2238, '而事情的发展我们都已知道，最终 Michael Jordan 与 Nike 签下25万美元的代言合约，并且推出以他为名的「Air Jordan」系列，从此改变了往后的球鞋圈历史',1
3614," 'Nike Air Max 2090Nike Air Max 90 DUCK CAMONike Air Max 90 Metallic PackNIKE LeBron 17 Monstars胜道运动耐克 NIKE LEBRON XVII EP詹姆斯17 男子篮球鞋 BQ3178 BQ3178-005 42￥1299京东购买NIKE LeBron 17 Low ""Tune Squad""胜道运动耐克 NIKE LEBRON XVII EP詹姆斯17 男子篮球鞋 BQ3178 BQ3178-006 43￥1299京东购买前不久周杰伦在ins上晒出自己的打球帅照，大家在吐槽周董""圆润""的体型同时也十分关心他脚上所穿的未市售配色的LeBron 17，然而就在下周，NIKE将要发售杰伦上脚的这两双空中大灌篮主题的LeBron 17战靴'",1
547, '100 美元以下的运动鞋背后的市场十分庞大，根据市场调研机构 NPD Group 的数据，美国 2017 年 和 2018 年最畅销的运动鞋不是 Air Max 或 Air Jordan 这些经典系列，而是耐克一款售价 65 美元的 Nike Tanjun',1
336, '自此之后，耐克迅速翻身，成为运动第一品牌，而错过乔丹的阿迪，再也没有压过耐克',0
805, '（https://shop.converse.co.jp/shop/g/g31301491210/）',0
1238, '之所以会导致这样的情况，和以下几点有关，一来内线球员的球鞋不热买，球鞋是需要根据球星的身高、体重等综合数据专门定制的',0
1492," '也难怪很多人喊出了""AJ是最大的骗局""这句话'",1
3838, 'Air Jordan 11 “Bred”再次专属发售你买到了吗',1
3205,'凭借朴素外表风骚“内心”受到球鞋玩家们关注的 Nike SB x Air Jordan 1 Low ，此番终于释出了官图，即将正式发售',1
1465, '苏富比电子商务环球业务高级副总裁NoahWunch表示，运动鞋将艺术、文化与时尚连接在一起，是一种体现情怀和态度的奢侈时尚单品',0
310," '3发售日期：2020年7月11日发售价格：$170 美元▼：555088-126此前曝光的「Air Jordan 1 Retro High OG ""Light Smoke Grey""」鞋款，于今日释出了更多细节图'",1
815," ""app=ucnews-iflow&aid=7493137708840222405&cid=10308&zzd_from=ucnews-iflow&uc_param_str=dndseiwifrvesvntgipf&recoid=&rd_type=reco&activity=1&activity2=1' target='_blank'>http://s4.uczzd.cn/ucnews/news""",0
3312,"'—NikeLeBron17LowEP""LightCream""—LeBronXVIILowEP篮球鞋采用利落低帮设计，将减震缓冲的缓震配置和灵敏响应的顺畅中底强势结合，专为勒布朗制霸激烈赛场而打造'",1
666,"'欧文6""太空""主题亮相在不少球鞋爱好者的眼里如今球鞋的意义已近大过于实战，比如Air Jordan这类鞋款更像是一种球鞋文化，所以在大部分朋友的印象里篮球实战鞋都不好看，只要舒适就行，但这里有一款Nike篮球鞋是异类，它就是Nike Kyrie系列'",1
2095, '型录中的滑手们穿着AJ1 x 耐克SB联名、情人节SB限定等等，而这次奥运会系列必然还有专业的鞋款',1
1581, '相比之下，耐克竞争对手UnderArmour（NYSE：UAA）的市值为96亿美元，其股价在过去一年时间里累计上涨了25%，自今年年初以来则上涨了21%',0
375, '而今番透过球鞋情报帐号 @hanzuying 的白底照片，我们得以再次更加清晰地欣赏该未发售鞋款',0
685,'大学时期的女朋友在朋友圈卖耐克篮球鞋',0
3550,"'Air Jordan 1 Low ""Laser Orange""西安市南大街外贸五环店发售时间：08-29 09：00发售方式：线上抽签Nike Kobe 5 Protro 湖人天猫旗舰店发售时间：08-29 09：00发售方式：线上发售adidas Originals Yeezy Boost V2 灰蓝呼和浩特维多利亚商厦发售时间：08-29 09：30发售方式：先到先得喜欢点点「在看」'",1
3798, '\u3000\u3000目前这双AJ1 MID绿巨人配色将会在近期登陆官网及店铺，喜欢的鞋友们可以关注一下近期的上新信息，不要错过入手机会',1
1270, '穿过 Yeezy的鞋狗们，一般是不再愿意穿回 AJ的，更别说 AF 1和 Nike Dunk SB，脚感这么差，不就是联名球鞋吗',1
1155, '于是发售之初，这双鞋的普通版本都曾飙升到1w+，看看隔壁 AJ1，真有一种楼起楼塌的幻灭感',1
1653, '除此之外，托尼·罗滕的AJ10代和尼克杨的NikeAirZoomGeneration也曾遇到过鞋底和鞋面完全分离的尴尬场景',1
2666,'说到潮鞋就有很多潮人激动了，现在随着时间的发展，出现了越来越多的鞋子的种类，而最近我们都知道火了好几款鞋子，好比如说是AJ和匡威，这两双鞋子都是已经很经典的品牌了，但是也是最近才被大家所熟悉，而且现在很多潮人都喜欢穿这两双鞋子，不仅是因为它经典百搭，而且穿上之后看着真的是太好看了吧，成为了我们的必备单品之一',1
117, '但相信我们会在不久的将来推出，我们会继续关注后续工作，并尽快向大家汇报',0
639, '其实，每一年的“CNY”系列，都是大家在年末和年初讨论的话题',0
677," ""id=1661431651965820167' target='_blank'>https://baijiahao.baidu.com/s""",0
4023, 'AJ旗下拥有拉塞尔·韦斯特布鲁克、克里斯·保罗、布雷克·格里芬、卡梅洛·安东尼、郭艾伦等球员，锡安将和他们一起共同宣传这款知名的运动品牌',1
3242," 'Air Jordan 1 High Zoom ""Space Hippie""货号：CW2414-001发售日期：8 月 12 日发售价格：$175 美元Pic via：hanzuying「部分图片来源于网络，如牵涉版权'",1
2140, '10、Air Jordan 4 Royalty详细介绍：Air Jordan 4 Royalty最近在国内炒的非常火热，价格一度是达到1700人民币，黑金色几乎是有钱都买不到',1
1591,'今天开箱一款保罗乔治第四代签名球鞋耐克PG4代，作为低帮篮球鞋，它上脚绝对没有大家说的那么不堪，后跟有大面积填充物非常舒适，其次中底内置升级的Air sole气垫官方名称叫Air stroble，脚感没有zoom那么饱满，不过厚实的中底导致场地感一般然后保罗乔治PG4它采用双层网面加拉链设计摒弃了鞋舌，包裹性方面属于合格水平，并且鞋面材质偏软质感不错，中底内置一小块TPU抗扭片，外底还有防侧脚的设计，在进行突破变向时是完全够用的，最后就是类似章鱼吸盘的XDR橡胶大底，抓地力和防滑耐磨都是可以经受住内外场的考验的',1
1531, '这次的AJ1联名设计上依旧是之前的白丝绸元素设计，而这次的一个细节在于SWOOSH设计，CLOT对于NIKE的勾子上进行了特别的细节化处理，钩子的设计由繁入简渐渐变少',1
1387, 'iid=0&app=news_article免责声明：慧科和该网页的作者无关，不对其内容负责',0
610, '对比国外品牌，中国品牌对于中国文化的深层次了解，并且可以对中国人的喜好作出更好的判断，在设计鞋子时，更多能呈现的更体现“中国年味”',0
3310," 'Air Jordan 11 ""Clear""售价220美元，预计在2020年晚些时候发售'",1
150,'原标题:潮闻快食 | AMBUSH x NIKE 更多谍照释出，Supreme 第 13 周单品全貌曝光',0
3907, 'Aj1永远不会停业，只是现在变得不一样了',1
1629, '鞋身涂鸦的设计风格赋予街头气息，为了呼应「Worldwide」的设计主旨，鞋面亦用世界各地的代表字样点明主题',0
1606," '""彩虹""系列AJ4最后来说说这次的AJ4系列，本次一共带来了5双AJ4'",1
286," '为了对标阿迪达斯旗下的Yeezy系列，耐克瞄准了Travis Scott这位又帅又能唱的后起之秀，以跨界的名义在传家宝Air Jordan 1上略作文章，就此抢占滩头，造就了""钩子一反，倾家荡产""的神话'",1
3761, '而此次巴尔文选择上脚了J Balvin AJ 1鞋款，吸引了很多人的注意力',1
333, '营销耐克在成立之初，不断受到商业对手阿迪、匡威等运动品牌竞争压制，正是因为豪赌乔丹，才让耐克奠定了龙头老大的地位',0
214, '与Kobe ad mid和kd12一起，nike lebron 17被认为是nike推出的最强大的新篮球鞋之一',1
491,"'除了范思哲风格的 Nike KD 13 ""Butterflies and Chains""以外，还有一款全新的 Nike KD 13""Multi Camo""谍照也在网上曝光'",1
1657, '”华尔街投行奥本海默（Oppenheimer）的分析师布莱恩-内格尔（BrianNagel）认为：“耐克的高级管理人员一向善于在核心客户面前保护和提升公司的品牌形象，即便是在明显恐慌的时刻也是如此',0
1416, '当然NIKEDUNK的限量版数量比较少，有些鞋子更是一辈子可能都见不到',0
489, '大伙儿在穿搭之时也拥有丰富的选择，复古、新潮、解构、经典各有特色',0
1277, 'Nike LeBron 17 Low “Tune Squad”这双Nike LeBorn 17 low的首发配色的设计灵感来源于勒布朗·詹姆斯主演的篮球主题电影《空中大灌篮》，这双首发配色的低帮版的詹姆斯17代也被命名为Nike LeBron 17 Low “Tune Squad”，球鞋为低帮设计，并且在鞋身上以白色为球鞋的底色，以蓝色和红色为辅色穿插其中，两双鞋整体呈鸳鸯配色，颜值不错',1
144, kith等潮流新品发售信息2. 关注我们公众号的朋友们，可以加入突袭克星交流群3. 突袭克星提供海外代购服务，让您更低价格入手想要的单品4. 突袭克星交流群，在群聊可以跟其他鞋友们一起侃大山，聊鞋市，生活美滋滋群规介绍：突袭克星进群须知（群规）（Sneaker突袭克星,0
4130, '这样一双细节满满的LeBron 17，大家赶快行动起来吧',1
34, 'Nike Kyrie 5 “Taco”货号：AO2918-902发售日期：11 月 24 日发售价格：￥999 RMB 本文来自大风号，仅代表大风号自媒体观点',1
1119, '无论是在运动场，还是在召唤师峡谷，都是运动员',0
574, '这不，就在不久前，杜兰特的新一代签名鞋Nike KD 13正式发布',1
164, '向左滑动查看更多图片______________________UNION x Air Jordan 1 联乘鞋款全球发售时间释出据 SNEAKERNEWS 最新消息报道，这款蓝白红三款主题色系拼接 Air Jordan 1 为 UNION 限定配色，仅于 UNION 发售，且发售时间为 11 月 17 日，以抽签方式进行发售',1
110, '从谍照照片来看，这双TMAC 1 “Sauce” 带来了足够的惊喜',0
3593, '2.黑白渐变这双 Air More Uptempo 的经典鞋身由黑、灰、白三色组合而成，签名式的「AIR」字样亦分为三种相呼应的色调呈现，可说是一次将三双配色集于一身',1
1644, '此外，这场备受瞩目的焦点之战也是一场全美直播的赛事，包括美国前总统奥巴马在内的知名人士前往现场观看',0
517, '采用马鬃、仿鸵鸟皮、鳄鱼纹皮革、翻毛皮等物料打造，细节处缀饰红、荧光绿、玉石绿色',0
1436, '此外，还有2018年与耐克签约的丁彦雨航，他的代言合同是5年1100万',0
2819," '▼ 高帮 Air Jordan 1 ""Bred""全新配色以中帮 Air Jordan 1 Mid 为设计蓝本，鞋身采用经典黑红配色打造'",1
782, '这双球鞋一共有三个配色，下面给大家做一下展示:这三双都是颜值担当，最重要的是能实战',0
1601," '""魔性""的AJ1这次公布的系列中还有两双AJ1，一双是正在发售中的，而另一双则是之前介绍过的""TIE-DYE""'",1
3357,'Travis scott x AJ6说Travis scott的联名球鞋今年最亮眼，相信大多数鞋友都没意见，继AJ1倒钩后，相信不少人都在期待这双AJ6联名，网传货量6.5W，大概是倒钩的1/2',1
1636, '在美国东部时间上周三（2月20日）晚间进行的一场NCAA焦点战中，今年NBA选秀状元热门、杜克大学的当家球星锡安·威廉姆森（ZionWilliamon）在开场的第一次进攻中，持球转身时不慎滑倒，直接“踩爆”了脚下的NIKEPG2.5球鞋，这也导致他受伤离场',1
3049, '如今乔丹每年应该能从AJ公司拿到上亿美元的分红，难怪有底气投资NBA球队，仅仅靠这一点，乔丹就完全不用担心经济方面的问题',1
55, '而除了这两双定下来发售时间的欧文 5 海绵宝宝和派大星配色以外，相信剩下的一双章鱼哥配色和低帮的 Kyrie 2 Low “珊迪”、“蟹老板」”这两款配色也会很快的和我们见面',1
867, '打开APP，查看更多精彩图片不过除了AJ系列以外今年的Virgil Abloh也带来了一双新款合作，那就是Nike Air Rubber Dunk系列',1
2828, '打开APP，查看更多精彩图片近日，网络上曝光了一双不知名的Nike球鞋，虽然官方还没宣布这就是Nike Kyrie S2 Hybrid，但熟悉欧文系列的球迷都知道，这就是2代杂交球鞋',1
4038, '马尼亚认为其主要原因有亮点，第一肯定是充分利用AJ1的价值，作为当下最热门的球鞋关注的人一定非常多在这个时候推出一个既便宜又带有经典设计的球鞋肯定会吸引更多消费者购买，趁着AJ1还火抓住最后的机会',1
1576, '有分析师表示：“这虽让耐克感到尴尬，却不会对其业务产生实质性影响',0
670, '耐克 NIKE KYRIE FLYTRAP II EP 欧文男子篮球鞋 AO4438 AO4438-005 42￥359京东购买大家看到的侧面Swoosh是荧光绿的Nike的大钩子，以及绑带自然少不了夜光效果，相信届时野球场一定能看到这双炫酷的实战鞋',1
916, '安东尼上脚的这款AJ34配色并不是很亮眼，但也是一款极具辨识度的鞋子了，低帮的设计令这款鞋子有着很好的灵活性，上脚的时候能够穿脱自如，脚感还是非常舒适的，同时也是一款非常适合上脚去实战的鞋子呢',1
2770, '虽然35年过去了，但这双芝加哥 Air Jordan 1的内衬编号依然很清楚；而当我们对比左右脚尺码的时候不难发现，这双鞋的左脚为13码，而右脚则13.5码，居然不一样大',1
3051, '毫不夸张的说，没有乔丹就没有如今的Nike和AJ，更别提能和阿迪达斯平起平坐了，是乔丹赋予这个品牌应有的价值',1
509, '毕竟东京滑板违法，很多都是晚上出动',0
2169, '实际上，这双鞋名为Nike LeBron 8 V.0，是Nike LeBron 8的特殊版本，而看外观硬朗的全皮材质就可以知道，它并非这个季节穿的鞋子；这在当年，也是耐克计划为詹姆斯应对克利夫兰寒冬而准备的',1
1452, '其次，后卫型球员在速度上有优势，爆发力更强，显得更有激情，这显然更契合于运动鞋的品牌特点',0
2280, '但是JordanWhyNotZer0.3相比于AJ34，在舒适性上就显得差强人意了，另一方面，JordanWhyNotZer0.3的橡胶外底非常柔软，这导致它的耐用性也会大打折扣',1
3639, '现在，以漂亮的价格疯狂推出的aj1mid正在切韭菜',1
536, '呆毛哥嫌弃了这么多，其实是因为知道自己买不起，哼~要不是家里不允许，谁还会嫌LV不好看呢',0
1088, 'NikeEpicReact2是一款出色的半程马拉松赛车鞋',0
1078, '现在，EpicReact2上的外部鞋跟稳定器向后倾斜，因此比第一个版本要小，但我不认为这有什么区别，因为鞋内还有另一个鞋跟稳定器背面高很多，仍然可以为您提供所需的支持',0
1219, '”抱歉，我很遗憾的告诉你，这个后跟实际没有这么厚，实际厚度大概是现在看到的三分之一，剩余的都是外翻上来做防侧翻用',0
1647, '耐克在社交媒体上立即成为众多网友调侃的对象',0
1404, '然后NIKEDUNKPROB就出现了，甚至到了后面的DUNKSB',0
2711," '4Air Jordan 13 Retro""Lucky Green""发售日期：2020年7月4日发售价格：＄190 美元▼：414571-113去年就有传闻称，Nike将会在今年推出一双以「幸运绿」为主题的「Air Jordan 13」鞋款'",1
1680, '本期的球鞋面面观内容相对于过去三期丰富不少，国内球员除了赞助商的原因之外，各支为了准备季后赛的球队都找了了外援，所以外援们这一周的上脚球鞋，款式也是颇多，KD13、PG4、 Kyrie 6都有出现',1
1502, '要知道 New Beginnings 套装货量极小，也导致套装内 AJ1 红白的市场价格颇高，这双 AJ1 Low 红白无疑是最好的替代品',1
346, '没错',0
717, '后来觉得城里工资不错，干脆把老婆也接到城里跟他一起打工，夫妻俩踏踏实实，小日子过得还挺好',0
1632, 'id=1664721155303062078免责声明：慧科和该网页的作者无关，不对其内容负责',0
1594, '两双重磅复刻再次延后4月的AJ系列中，除了大家关注的AJ1白紫已经在本周发售完毕，另一双不少鞋友在等待的那就是AJ5 FIRE RED了',1
1107, '也许许多 刚进入鞋圈的朋友并不了解，从外形看许多 朋友可以看出，这不便是AJ1的哥们吗',1
3678, '例如DUNK AJ1超限量联名，作用是拿来赚点小钱，带动噱头热度，提升KYRIE，KD，MAX系列AJ普款销量',1
306, '鞋身「银河」元素明显，星空图案布满鞋面，再用以黑色与白色调和，贯穿鞋身，银色镜面Swoosh Logo与主题配色相得益彰',0
1627, '据悉，此鞋款将于本鞋款将于 9 月 12 日正式发售，发售价格为 $225 美元',0
1010, '——球鞋大佬',0
3173,'状元郎蔡恩·威廉森宣布和耐克旗下的AJ品牌完成签约，据悉有至少9家运动品牌希望签下蔡恩，但结局似乎没有悬念',1
1179, '同时这双鞋也是细节满满，白色麻绳鞋带，尽显Tracis酷爱的牛仔元素',0
1863, '在去年的INN展上，EDC的一句十年之内再无丝绸更是将丝绸系列的人气推向了一个新高度，也让众多鞋友觉得这次的3双丝绸AF1一双丝绸AJ1无论如何都要入手一双，否则下次不知道要等到什么时候',1
2142, '细看这个浮华的地方Nike Kobe 4 Protro以各种色调为特色，灵感来自科比·布莱恩特的书',1
3880, ' 滑动查看更多图片，via：solebyjc@solebyjc分享了Nike SB x Air Jordan 1 Retro High OG的细节图，可以看到鞋款以黑、白和浅灰搭配，整双球鞋低调而有质感',1
864," 'Nike Kyrie 7""Bred""货号：CQ9327-001发售日期：2020年12月15日发售价格：$ 130 USD'",1
3627, '例如，凯尔特人队的中锋aj1看起来像绿脚趾',1
672," 'Air Jordan 1 Zoom 2.0配色谍照泄露想必大家还记得上个星期第二双配色方案Air Jordan 1 High Zoom R2T""Racer Blue"" 的公开发售，也是获得了不少的关注度，大家也都称之为""小迪奥""，自然市场热度也不低'",1
1524, '有两件T恤和两件连帽运动衫，都是根据SPGina设计',1
3233, '你们喜欢AJ还是耐克',1
978, 'ID：EvoQ：Aj阿迪耐克大货打折价格比国产低，请问一下您对这个问题能简单分析一下吗这个问题最大的根源在于定位不同',1
965, '而且现在很多球鞋也是莆田生产的啊，工厂就是莆田的啊',0
235, '鞋带孔的部分换上了印有COMME des GARCONS Logo的橡皮带作点缀，同时亦为鞋面带来贴合感，并分别以黑白两色展开',0
3891, '今天，我们要谈谈这对松绿aj1',1
1486,'今年 AJ1 倒闭配色有一部分原因是因为太多配色实在是太没有诚意了，打着新配色的旗号，却引来一波波很敷衍的换色',1
4041, '一双好看又不贵的低帮鞋就是他们想要的，并且在DIOR X AJ1上不少普通消费都认为低帮比高帮更好看更有高级感足以能看出对高帮鞋的审美疲劳正在慢慢出现',1
1609, '看了今天的消息大家应该想好这13双AJ准备入手哪几双了，也还请各位继续关注马尼亚之后我们会继续更新更多相关信息，敬请期待',1
3091,'年末压轴的重磅联名NikexFOG在正式发售前，鞋款图片早已漫天飞，鞋王塔克、詹姆斯相继上脚为球鞋宣传造势，使得这款鞋尚未发售就已超越AJ1成为2018名副其实的鞋王',1
1637, '据悉，“爆鞋事件”直接导致耐克的股价在美股上周四（21日）收盘时收跌1.05%，市值蒸发了超过13亿美元',0
8, '火了之后，可能会有很多人谈起什么球鞋文化，但是很大一部分也只是跟风而已，满大街的AJ中你猜有几双会是真的',1
17, '当然无论它如今是否会在潮流中轮回，你只管选择自己喜欢的就好',0
3258, '鞋面上，LeBron17并未和LeBron17一样使用最新的Knit Posite材质，而是采用了透气网布与皮革的结合',1
4022, '”据悉锡安和AJ签下的是一份7年总价7500万美元的球鞋合同',1
435," '后跟上部设计有""POETS""白色刺绣LOGO，联名辨识度极高'",0
220, '这次复刻细节有所变化，皮料的木纹以紫色呈现，而元年仅是蓝色深浅不同，中底采用当时最先进的全掌 Air Max 气垫',0
763, '这一品牌年轻人鲜有人知，可见锐步在市场的知名度也在不断下降',0
1656, '”据腾讯证券报道，投行Needham的分析师里克-帕特尔（RickPatel）认为：“耐克的大多数销售额都来自于生活方式或时尚产品（其中包括乔丹球鞋），我们认为这部分业务不太可能受损，因为其受众并非真正的篮球运动员',0
364,'NikeZoomKobe1Protro发售日期：2月17日在前两天曝出科比签名鞋ZoomKobe1将以全新面貌复刻回归的消息之后，今天这双NikeZoomKobe1Protro终于浮出水面，同时确定了发售日期',1
530, '作为球鞋界最会玩的耐克，把联名已经玩到了极致，一双鞋子换着花的出，不得不服气他们对于球鞋文化的把控和对年轻人心理的熟悉',0
226, '这款联名采用橄榄绿装扮鞋身，优质皮革材质的运用，彰显了 Forty Percent Against Rights 独家军工质感',0
29, '这款全新的Kyrie5是与Travis “Taco” Bennett 合作推出的 “Taco” PE 配色',1
1257, '在自己的社交媒体上晒出了没有公开发售的AJ 1，这个动作可是让国内外球鞋圈震动',1
3653, '事实上，aj1mid的许多颜色都来自aj1og，例如中间的top3，然后是中间的黑色驴趾',1
1278, 'Nike LeBron 17 Low “黑红”配色在北京时间2020年02月22日的常规赛比赛中，勒布朗·詹姆斯又上脚了一双新的配色的Nike LeBron 17 Low ，这就是Nike LeBron 17 Low “黑红”配色',1
1379," 'Nike Kyrie 7 ""Special FX""▼致敬欧文对电影制作的热爱以及将想像力融入生活的精神，鞋面以类似电影胶片的层次设计呈现，搭配后跟金色的摄影机标志，呼应设计主题'",1
3526," 'via：SBD///03AJ 6 SD WMNS"" Triple Black""via：如图水印Air Jordan 6 SD WMNS"" Triple Black"" 配色，将以全黑装扮登场，搭配半透明外底'",1
2303, '黑灰版本的OWxAJ5，市价较昨天降低了许多 ，某些尺码跌至万元之下，而也有一双外观更加引人注目的米白色款将于2020年发售',1
377, '鞋舌内侧也缝出「Animal Instinct」等字样，并附赠了黄色与红色鞋带，可谓诚意十足',0
1607," '名为""METALLIC PACK""系列的AJ4由4双白色设计组成，在鞋舌鞋带扣鞋跟处添加了紫绿橙红四个配色，大概意思是""我给你把DIY的钱也省了，想和哪个色搭配选哪个吧""另一双Rasta的来头可不小，从去年传闻将发售的GUCCI配色最后变成了如今的""彩虹""设计，可能让部分鞋友有些失望，但是彩虹网格配色白鞋面和水泥底，上脚效果不错，这双女生专属款预计4月16日发售'",1
1597," '而另一双人气复刻系列AJ13"" FLINT""也将推迟近一个月发售，这双被誉为13系列中最受欢迎的配色之一时隔10年再次发售，并且这次鞋面添加了3M反光设计，预计5月30日登场'",1
2520," 'Nike LeBron 17"" Graffiti Cold Blue""受2006年NBA全明星赛期间勒布朗·詹姆斯（LeBron James）穿着的""涂鸦""耐克LeBron 4球员独有的配色启发，这款""涂鸦冷蓝色""勒布朗17穿着蓝色Knitposite鞋面，同时图形印花和挡泥板一起运转'",1
400," '是的，说啥来啥，侃爷最近""松金口""了——来自著名男性时尚杂志《GQ》对侃爷的专访，当被问到Nike Air Yeezy 2的复刻问题时，侃爷大方回应：""只要大伙想要，我并不介意耐克复刻Air Yeezy系列'",0
2870,'\u3000\u3000耐克AF1也有“樱花粉”，丢掉AJ和匡威，这才叫“仙女鞋”',1
2895," '「Nike Kyrie 6 ""Chinese New Year""」派签388张，派完即止'",1
410, '“Foam”字样出现在中底侧面，鞋舌处的倒Nike Swoosh也颇值得玩味，较为显眼的莫过于Flyknit鞋面上增加的绑带设计',0
2944," '传闻中的Nike LeBron 17"" Graffiti""是从OG Nike LeBron 4汲取的，其黑色，白色和红色的鞋面在中底处有书写痕迹'",1
1476, '这款 Nike LeBron 16 “What The” 同样遵从 “What The” 系列的鸳鸯设计，每个相对的部位均以不同色调、不同细节、甚至不同材质装点',1
918,'Dior x Air Jordan 1发售日期：2020 年因疫情影响，各大品牌在第一季度都减少了限量鞋款的发售，其中年度话题球鞋 Dior x Air Jordan 1 究竟何时才能登场，也是未知数',1
1596, '而另一双TOP3则要等到6月，目前为止今年的AJ5没有发几双看来惊喜都将在下半年出现',1
1016, '同时鞋款本身也是围绕滑板主题，鞋身整体以Nike 复古跑鞋 P-6000 为蓝本打造而成的，标志性的散射皮革框架，提供充分的侧向支撑与包裹',0
728, '谁曾想售货员一听在工地上打工的老吴要买这双鞋，哈哈大笑起来',0
1096," '全新Air Jordan 11 Low WMNS""Bright Citrus""将于2021年4月正式发售，定价为$185美元'",1
3897, '打开APP，查看更多精彩图片aj1凉了吗',1
1605, '但每个人对设计都有自己独到的见解，如果你喜欢这双女生专属AJ1，6月11日记得入手',1
166, '本次 UNION x Air Jordan 1 双色联乘鞋履售价均为 190 美元',1
1920," '可能大家现在看DunkSB，AJ1这么火，就感觉耐克已经""封神""了，出啥啥抢爆'",1
82, '预计将在 2021 年初正式发售，想买一双 Yeezy 700，又想有超强吸睛效果的朋友，不妨重点关注一下',0
899, '（陈川）',0
4127," '4月18到4月22号之间玩家们在2K20 MyPlayer Nation Playoffs模式下赢下一场季后赛比赛，就能获得在SNKRS app购买这双LeBron 17 GE ""Bron 2K Playoffs"" 的资格'",1
105, 'AIR JORDAN 11 LOW “WHITE BRED”将于4月25日正式登陆snkrs官方网站和各大网站，售价185美元，请不要错过，最喜欢的朋友',1
1361, '除了球鞋之外，科比球衣也会限量发售',0
1732, '最初是周杰伦在Instagram上晒出1双LEBRON17鞋款的全新升级配色，而且画面感地打了一个串文本',1
1299,'Nike LeBron 17 「Courage」发售价格：$225 美元发售日期：6 月 27 日/ 7 月 4 日稍早时，Nike 释出了一双全新的 LeBron 17 「Courage」配色，首先映入眼帘的便是丝绸材质与龙纹刺绣鞋舌，如此中国风的设计一时间引发鞋迷们众说纷纭的猜测',1
1987, '仅仅一个AJ1的版本有1010个，而且每一次复刻都会引发轰动',1
2495, 'OFF-WHITE x Air Jordan 4和上面的 OW x AJ1 同时亮相，首次联名 AJ4，共有两个配色，分别采用卡其色和黑色为主色调，黑色的以 AJ4“Bred”为蓝本打造',1
776, '那么今天小编给大家推荐一双我珍藏已久的puma篮球鞋',0
305, '近期曝光的银河AJ1水花不小，另一款以「Nike Air Max 90」为蓝本打造的「Galaxy」也相继亮相',1
1311, '到底是不是联名',0
1681, '杜润旺 李宁音速7 玫瑰之城广东东莞银行吴冠希 李宁闪击6 TD心形排球 定制苏州肯帝亚吴前 李宁闪击5浙江稠州银行刑志强 李宁韦德之道5 熔岩山西汾酒股份王少杰 李宁驭帅13䨻 紫金北京控股韩德君 李宁空袭6辽宁本钢姜宇星 李宁韦德之道8 棉花糖吉林九台农商银行张骋宇 李宁音速7 TD青岛国信双星可兰白克·马坎 李宁韦德之道3 轻质版 变色龙新疆伊力特易建联Nike Zoom Rize PE广东东莞银行周琦 Nike Zoom Rize PE新疆伊力特Arnett Moultrie : Nike KD13& Nike Kyrie 6 Oracle Aqua北京控股John Groover : Air Jordan 14 Reverse Ferrari& Air Jordan 20 Stealth新疆伊力特Joseph Young: Jordan Why Not Zer0.1 Low南京同曦宙光林书豪 特步游云4 PE北京首钢Ray McCallum: Nike PG 4上海久事Antonio Blakeney:Nike Kyrie 4 Red Carpet苏州肯帝亚OJ Mayo: Nike Kyrie 6 CNY辽宁本钢Sean Hill: Nike Soldier 11 Triple White吉林九台农商银行Marcus Georges-Hunt:Air Jordan XXXIVLow Print时代中国广州本周在搜集图片的时候，还发现了三张上脚图，比较有爱的是吴冠希的定制版闪击6 TD，如果了解他的朋友都知道，他和女排国手张常宁已经确定了婚期，不过结婚要等到2021年东京奥运会之后，七夕节还有段时间，那么通过定制球鞋表达爱意，这个是真的秀',1
2485, 'Adidas 得到 Kanye 的加入，销售额狂增简直如虎添翼，就有了现在 YEEZY 和 AJ 神仙打架一说',1
3128, '全新打造的 Nike Zoom Kobe4问世',1
1307, '而这首歌的歌词正是讲述了坚持的故事，贴合 LeBron James 的同时，亦用鞋款诠释了双方对篮球的坚持',1
3355, '以上便是关于Nike LEBRON 18的一些介绍，如果大家感兴趣的话可以去详细了解一下Nike的LEBRON系列',1
802, '据悉，有消息称该双鞋将在本月正式登场发售，且还未有确切日期通知，感兴趣的朋友不妨继续保持关注',0
1768, '具体排名如下：1、耐克62.6%；2、阿迪15.8%；3、AJ9.4%；4、安德玛4.6%；5、彪马2.6%；6、李宁1.6%；7、匹克1.4%；8、安踏0.9%....（T-mac）',1
875, '1. 最快最准确的告诉给大家Yeezy,0
421, '新百伦新百伦一直都是以休闲的运动鞋着称，近年来开始在篮球鞋领域发力，2018年年底，新百伦签下伦纳德正式进入球鞋领域',0
3066," '本周即将发售的AJ3 ""Tinker""但在伦特米斯特看来，耐克拍摄的这张照片，“几乎复制了所有的原始元素”'",1
3084, '另一方面，也有人觉得伦特米斯特时隔30年翻出这件旧事，有眼红AJ系列效益太好的嫌疑，两张照片看上去确实不一样啊',1
1384," '据悉，Kyrie 五双特色主题首发配色将于 11 月 11 日起在指定店点开始发售；Kyrie 7""Sisterhood""配色则将于 11 月 15 日起开始发售；Kyrie 7 ""BK Black"" 配色将于 11 月 27 日起开始发售，喜欢的实战党关注一下'",1
2958, 'Nike Kobe 5 Protro “Chaos”发售日期：12月26日发售价：180美元篮坛传奇黑曼巴——科比布莱恩特年底也要收收心了，争取攒点孩子的压岁钱',1
535, '鞋子依然以AJ为设计基础，鞋舌上有着非常显眼的LV特色，而鞋子的包边外围以此次S9海报的类大理石材质作为硬质塑料保护，另外还有LOL的特色元素在内，可以说整双鞋子因为三方联名的关系要素过多，非常酷炫，但失去了实用性',1
2060,'有一种预感，各种联名的AJ马上就要面世了',1
41, '鞋帮后跟部分采用独立设计，松开绑带后可以打开，最大限度方便穿脱',0
929, 'COMME des GARÇONS x Nike Dunk Low发售日期：2020 年 夏季Dunk 今年的回归，COMME des GARÇONS 也来添一把火，使用了高人气的蝉翼鞋面，预计在夏天会推出 2 个配色',0
